Loading diffugpt model from models/diffugpt-m-wic...
The tokenizer class you load from this checkpoint is not the same type as the class this function is called from. It may result in unexpected tokenization. 
The tokenizer class you load from this checkpoint is 'MaskTokenWrapper'. 
The class this function is called from is 'GPT2TokenizerFast'.
Use provided 4d attn-mask
/workspace/DLIG/models/model_manager.py:111: FutureWarning: You are using `torch.load` with `weights_only=False` (the current default value), which uses the default pickle module implicitly. It is possible to construct malicious pickle data which will execute arbitrary code during unpickling (See https://github.com/pytorch/pytorch/blob/main/SECURITY.md#untrusted-models for more details). In a future release, the default value for `weights_only` will be flipped to `True`. This limits the functions that could be executed during unpickling. Arbitrary objects will no longer be allowed to be loaded via this mode unless they are explicitly allowlisted by the user via `torch.serialization.add_safe_globals`. We recommend you start setting `weights_only=True` for any use case where you don't have full control of the loaded file. Please open an issue on GitHub for any issues related to this experimental feature.
  raw = torch.load(bn[0], map_location="cpu")
[INFO] Resizing embeddings 50257 -> 50258 to match DiffuGPT checkpoint (mask-token resize).
[INFO] DiffuGPT weights loaded: 293 tensors mapped, 0 missing (non-critical).
Model and tokenizer loaded successfully!
[INFO] Backend: diffugpt  predicts_shifted=True
[INFO Shard 0/3] 167 candidate examples. Output -> outputs/wic/wic_dlig_shard0.jsonl
shard 0:   0%|          | 0/167 [00:00<?, ?it/s]⚠️  WARNING: Near-zero gradients at step 1, first chunk. Max grad magnitude: 0.00e+00
⚠️  WARNING: Near-zero gradients at step 1, first chunk. Max grad magnitude: 0.00e+00
⚠️  WARNING: Near-zero gradients at step 1, first chunk. Max grad magnitude: 0.00e+00
⚠️  WARNING: Near-zero gradients at step 1, first chunk. Max grad magnitude: 0.00e+00
⚠️  WARNING: Near-zero gradients at step 1, first chunk. Max grad magnitude: 0.00e+00
⚠️  WARNING: Near-zero gradients at step 1, first chunk. Max grad magnitude: 0.00e+00
⚠️  WARNING: Near-zero gradients at step 1, first chunk. Max grad magnitude: 0.00e+00
⚠️  WARNING: Near-zero gradients at step 1, first chunk. Max grad magnitude: 0.00e+00
⚠️  WARNING: Near-zero gradients at step 1, first chunk. Max grad magnitude: 0.00e+00
⚠️  WARNING: Near-zero gradients at step 1, first chunk. Max grad magnitude: 0.00e+00
⚠️  WARNING: Near-zero gradients at step 1, first chunk. Max grad magnitude: 0.00e+00
⚠️  WARNING: Near-zero gradients at step 1, first chunk. Max grad magnitude: 0.00e+00
⚠️  WARNING: Near-zero gradients at step 3, first chunk. Max grad magnitude: 0.00e+00
⚠️  WARNING: Near-zero gradients at step 3, first chunk. Max grad magnitude: 0.00e+00
⚠️  WARNING: Near-zero gradients at step 3, first chunk. Max grad magnitude: 0.00e+00
⚠️  WARNING: Near-zero gradients at step 3, first chunk. Max grad magnitude: 0.00e+00
⚠️  WARNING: Near-zero gradients at step 3, first chunk. Max grad magnitude: 0.00e+00
⚠️  WARNING: Near-zero gradients at step 3, first chunk. Max grad magnitude: 0.00e+00
⚠️  WARNING: Near-zero gradients at step 3, first chunk. Max grad magnitude: 0.00e+00
⚠️  WARNING: Near-zero gradients at step 3, first chunk. Max grad magnitude: 0.00e+00
⚠️  WARNING: Near-zero gradients at step 3, first chunk. Max grad magnitude: 0.00e+00
⚠️  WARNING: Near-zero gradients at step 3, first chunk. Max grad magnitude: 0.00e+00
⚠️  WARNING: Near-zero gradients at step 3, first chunk. Max grad magnitude: 0.00e+00
⚠️  WARNING: Near-zero gradients at step 3, first chunk. Max grad magnitude: 0.00e+00
⚠️  WARNING: Near-zero gradients at step 5, first chunk. Max grad magnitude: 0.00e+00
⚠️  WARNING: Near-zero gradients at step 5, first chunk. Max grad magnitude: 0.00e+00
⚠️  WARNING: Near-zero gradients at step 5, first chunk. Max grad magnitude: 0.00e+00
⚠️  WARNING: Near-zero gradients at step 5, first chunk. Max grad magnitude: 0.00e+00
⚠️  WARNING: Near-zero gradients at step 5, first chunk. Max grad magnitude: 0.00e+00
⚠️  WARNING: Near-zero gradients at step 5, first chunk. Max grad magnitude: 0.00e+00
⚠️  WARNING: Near-zero gradients at step 5, first chunk. Max grad magnitude: 0.00e+00
⚠️  WARNING: Near-zero gradients at step 5, first chunk. Max grad magnitude: 0.00e+00
⚠️  WARNING: Near-zero gradients at step 5, first chunk. Max grad magnitude: 0.00e+00
⚠️  WARNING: Near-zero gradients at step 5, first chunk. Max grad magnitude: 0.00e+00
⚠️  WARNING: Near-zero gradients at step 5, first chunk. Max grad magnitude: 0.00e+00
⚠️  WARNING: Near-zero gradients at step 5, first chunk. Max grad magnitude: 0.00e+00
shard 0:   1%|          | 1/167 [00:12<33:17, 12.03s/it]⚠️  WARNING: Near-zero gradients at step 1, first chunk. Max grad magnitude: 0.00e+00
⚠️  WARNING: Near-zero gradients at step 1, first chunk. Max grad magnitude: 0.00e+00
⚠️  WARNING: Near-zero gradients at step 1, first chunk. Max grad magnitude: 0.00e+00
⚠️  WARNING: Near-zero gradients at step 1, first chunk. Max grad magnitude: 0.00e+00
⚠️  WARNING: Near-zero gradients at step 1, first chunk. Max grad magnitude: 0.00e+00
⚠️  WARNING: Near-zero gradients at step 1, first chunk. Max grad magnitude: 0.00e+00
⚠️  WARNING: Near-zero gradients at step 1, first chunk. Max grad magnitude: 0.00e+00
⚠️  WARNING: Near-zero gradients at step 1, first chunk. Max grad magnitude: 0.00e+00
⚠️  WARNING: Near-zero gradients at step 1, first chunk. Max grad magnitude: 0.00e+00
⚠️  WARNING: Near-zero gradients at step 1, first chunk. Max grad magnitude: 0.00e+00
⚠️  WARNING: Near-zero gradients at step 1, first chunk. Max grad magnitude: 0.00e+00
⚠️  WARNING: Near-zero gradients at step 1, first chunk. Max grad magnitude: 0.00e+00
⚠️  WARNING: Near-zero gradients at step 3, first chunk. Max grad magnitude: 0.00e+00
⚠️  WARNING: Near-zero gradients at step 3, first chunk. Max grad magnitude: 0.00e+00
⚠️  WARNING: Near-zero gradients at step 3, first chunk. Max grad magnitude: 0.00e+00
⚠️  WARNING: Near-zero gradients at step 3, first chunk. Max grad magnitude: 0.00e+00
⚠️  WARNING: Near-zero gradients at step 3, first chunk. Max grad magnitude: 0.00e+00
⚠️  WARNING: Near-zero gradients at step 3, first chunk. Max grad magnitude: 0.00e+00
⚠️  WARNING: Near-zero gradients at step 3, first chunk. Max grad magnitude: 0.00e+00
⚠️  WARNING: Near-zero gradients at step 3, first chunk. Max grad magnitude: 0.00e+00
⚠️  WARNING: Near-zero gradients at step 3, first chunk. Max grad magnitude: 0.00e+00
⚠️  WARNING: Near-zero gradients at step 3, first chunk. Max grad magnitude: 0.00e+00
⚠️  WARNING: Near-zero gradients at step 3, first chunk. Max grad magnitude: 0.00e+00
⚠️  WARNING: Near-zero gradients at step 3, first chunk. Max grad magnitude: 0.00e+00
shard 0:   1%|          | 2/167 [00:19<25:20,  9.22s/it]shard 0:   2%|▏         | 3/167 [00:27<23:59,  8.78s/it]⚠️  WARNING: Near-zero gradients at step 1, first chunk. Max grad magnitude: 0.00e+00
⚠️  WARNING: Near-zero gradients at step 1, first chunk. Max grad magnitude: 0.00e+00
⚠️  WARNING: Near-zero gradients at step 1, first chunk. Max grad magnitude: 0.00e+00
⚠️  WARNING: Near-zero gradients at step 1, first chunk. Max grad magnitude: 0.00e+00
⚠️  WARNING: Near-zero gradients at step 1, first chunk. Max grad magnitude: 0.00e+00
⚠️  WARNING: Near-zero gradients at step 1, first chunk. Max grad magnitude: 0.00e+00
⚠️  WARNING: Near-zero gradients at step 1, first chunk. Max grad magnitude: 0.00e+00
⚠️  WARNING: Near-zero gradients at step 1, first chunk. Max grad magnitude: 0.00e+00
⚠️  WARNING: Near-zero gradients at step 1, first chunk. Max grad magnitude: 0.00e+00
⚠️  WARNING: Near-zero gradients at step 1, first chunk. Max grad magnitude: 0.00e+00
⚠️  WARNING: Near-zero gradients at step 1, first chunk. Max grad magnitude: 0.00e+00
⚠️  WARNING: Near-zero gradients at step 1, first chunk. Max grad magnitude: 0.00e+00
⚠️  WARNING: Near-zero gradients at step 3, first chunk. Max grad magnitude: 0.00e+00
⚠️  WARNING: Near-zero gradients at step 3, first chunk. Max grad magnitude: 0.00e+00
⚠️  WARNING: Near-zero gradients at step 3, first chunk. Max grad magnitude: 0.00e+00
⚠️  WARNING: Near-zero gradients at step 3, first chunk. Max grad magnitude: 0.00e+00
⚠️  WARNING: Near-zero gradients at step 3, first chunk. Max grad magnitude: 0.00e+00
⚠️  WARNING: Near-zero gradients at step 3, first chunk. Max grad magnitude: 0.00e+00
⚠️  WARNING: Near-zero gradients at step 3, first chunk. Max grad magnitude: 0.00e+00
⚠️  WARNING: Near-zero gradients at step 3, first chunk. Max grad magnitude: 0.00e+00
⚠️  WARNING: Near-zero gradients at step 3, first chunk. Max grad magnitude: 0.00e+00
⚠️  WARNING: Near-zero gradients at step 3, first chunk. Max grad magnitude: 0.00e+00
⚠️  WARNING: Near-zero gradients at step 3, first chunk. Max grad magnitude: 0.00e+00
⚠️  WARNING: Near-zero gradients at step 3, first chunk. Max grad magnitude: 0.00e+00
⚠️  WARNING: Near-zero gradients at step 5, first chunk. Max grad magnitude: 0.00e+00
⚠️  WARNING: Near-zero gradients at step 5, first chunk. Max grad magnitude: 0.00e+00
⚠️  WARNING: Near-zero gradients at step 5, first chunk. Max grad magnitude: 0.00e+00
⚠️  WARNING: Near-zero gradients at step 5, first chunk. Max grad magnitude: 0.00e+00
⚠️  WARNING: Near-zero gradients at step 5, first chunk. Max grad magnitude: 0.00e+00
⚠️  WARNING: Near-zero gradients at step 5, first chunk. Max grad magnitude: 0.00e+00
⚠️  WARNING: Near-zero gradients at step 5, first chunk. Max grad magnitude: 0.00e+00
⚠️  WARNING: Near-zero gradients at step 5, first chunk. Max grad magnitude: 0.00e+00
⚠️  WARNING: Near-zero gradients at step 5, first chunk. Max grad magnitude: 0.00e+00
⚠️  WARNING: Near-zero gradients at step 5, first chunk. Max grad magnitude: 0.00e+00
⚠️  WARNING: Near-zero gradients at step 5, first chunk. Max grad magnitude: 0.00e+00
⚠️  WARNING: Near-zero gradients at step 5, first chunk. Max grad magnitude: 0.00e+00
shard 0:   2%|▏         | 4/167 [00:35<22:52,  8.42s/it]⚠️  WARNING: Near-zero gradients at step 1, first chunk. Max grad magnitude: 0.00e+00
⚠️  WARNING: Near-zero gradients at step 1, first chunk. Max grad magnitude: 0.00e+00
⚠️  WARNING: Near-zero gradients at step 1, first chunk. Max grad magnitude: 0.00e+00
⚠️  WARNING: Near-zero gradients at step 1, first chunk. Max grad magnitude: 0.00e+00
⚠️  WARNING: Near-zero gradients at step 1, first chunk. Max grad magnitude: 0.00e+00
⚠️  WARNING: Near-zero gradients at step 1, first chunk. Max grad magnitude: 0.00e+00
⚠️  WARNING: Near-zero gradients at step 1, first chunk. Max grad magnitude: 0.00e+00
⚠️  WARNING: Near-zero gradients at step 1, first chunk. Max grad magnitude: 0.00e+00
⚠️  WARNING: Near-zero gradients at step 1, first chunk. Max grad magnitude: 0.00e+00
⚠️  WARNING: Near-zero gradients at step 1, first chunk. Max grad magnitude: 0.00e+00
⚠️  WARNING: Near-zero gradients at step 1, first chunk. Max grad magnitude: 0.00e+00
⚠️  WARNING: Near-zero gradients at step 1, first chunk. Max grad magnitude: 0.00e+00
shard 0:   3%|▎         | 5/167 [00:43<22:06,  8.19s/it]⚠️  WARNING: Near-zero gradients at step 1, first chunk. Max grad magnitude: 0.00e+00
⚠️  WARNING: Near-zero gradients at step 1, first chunk. Max grad magnitude: 0.00e+00
⚠️  WARNING: Near-zero gradients at step 1, first chunk. Max grad magnitude: 0.00e+00
⚠️  WARNING: Near-zero gradients at step 1, first chunk. Max grad magnitude: 0.00e+00
⚠️  WARNING: Near-zero gradients at step 1, first chunk. Max grad magnitude: 0.00e+00
⚠️  WARNING: Near-zero gradients at step 1, first chunk. Max grad magnitude: 0.00e+00
⚠️  WARNING: Near-zero gradients at step 1, first chunk. Max grad magnitude: 0.00e+00
⚠️  WARNING: Near-zero gradients at step 1, first chunk. Max grad magnitude: 0.00e+00
⚠️  WARNING: Near-zero gradients at step 1, first chunk. Max grad magnitude: 0.00e+00
⚠️  WARNING: Near-zero gradients at step 1, first chunk. Max grad magnitude: 0.00e+00
⚠️  WARNING: Near-zero gradients at step 1, first chunk. Max grad magnitude: 0.00e+00
⚠️  WARNING: Near-zero gradients at step 1, first chunk. Max grad magnitude: 0.00e+00
⚠️  WARNING: Near-zero gradients at step 3, first chunk. Max grad magnitude: 0.00e+00
⚠️  WARNING: Near-zero gradients at step 3, first chunk. Max grad magnitude: 0.00e+00
⚠️  WARNING: Near-zero gradients at step 3, first chunk. Max grad magnitude: 0.00e+00
⚠️  WARNING: Near-zero gradients at step 3, first chunk. Max grad magnitude: 0.00e+00
⚠️  WARNING: Near-zero gradients at step 3, first chunk. Max grad magnitude: 0.00e+00
⚠️  WARNING: Near-zero gradients at step 3, first chunk. Max grad magnitude: 0.00e+00
⚠️  WARNING: Near-zero gradients at step 3, first chunk. Max grad magnitude: 0.00e+00
⚠️  WARNING: Near-zero gradients at step 3, first chunk. Max grad magnitude: 0.00e+00
⚠️  WARNING: Near-zero gradients at step 3, first chunk. Max grad magnitude: 0.00e+00
⚠️  WARNING: Near-zero gradients at step 3, first chunk. Max grad magnitude: 0.00e+00
⚠️  WARNING: Near-zero gradients at step 3, first chunk. Max grad magnitude: 0.00e+00
⚠️  WARNING: Near-zero gradients at step 3, first chunk. Max grad magnitude: 0.00e+00
shard 0:   4%|▎         | 6/167 [00:51<21:47,  8.12s/it]⚠️  WARNING: Near-zero gradients at step 1, first chunk. Max grad magnitude: 0.00e+00
⚠️  WARNING: Near-zero gradients at step 1, first chunk. Max grad magnitude: 0.00e+00
⚠️  WARNING: Near-zero gradients at step 1, first chunk. Max grad magnitude: 0.00e+00
⚠️  WARNING: Near-zero gradients at step 1, first chunk. Max grad magnitude: 0.00e+00
⚠️  WARNING: Near-zero gradients at step 1, first chunk. Max grad magnitude: 0.00e+00
⚠️  WARNING: Near-zero gradients at step 1, first chunk. Max grad magnitude: 0.00e+00
⚠️  WARNING: Near-zero gradients at step 1, first chunk. Max grad magnitude: 0.00e+00
⚠️  WARNING: Near-zero gradients at step 1, first chunk. Max grad magnitude: 0.00e+00
⚠️  WARNING: Near-zero gradients at step 1, first chunk. Max grad magnitude: 0.00e+00
⚠️  WARNING: Near-zero gradients at step 1, first chunk. Max grad magnitude: 0.00e+00
⚠️  WARNING: Near-zero gradients at step 1, first chunk. Max grad magnitude: 0.00e+00
⚠️  WARNING: Near-zero gradients at step 1, first chunk. Max grad magnitude: 0.00e+00
⚠️  WARNING: Near-zero gradients at step 3, first chunk. Max grad magnitude: 0.00e+00
⚠️  WARNING: Near-zero gradients at step 3, first chunk. Max grad magnitude: 0.00e+00
⚠️  WARNING: Near-zero gradients at step 3, first chunk. Max grad magnitude: 0.00e+00
⚠️  WARNING: Near-zero gradients at step 3, first chunk. Max grad magnitude: 0.00e+00
⚠️  WARNING: Near-zero gradients at step 3, first chunk. Max grad magnitude: 0.00e+00
⚠️  WARNING: Near-zero gradients at step 3, first chunk. Max grad magnitude: 0.00e+00
⚠️  WARNING: Near-zero gradients at step 3, first chunk. Max grad magnitude: 0.00e+00
⚠️  WARNING: Near-zero gradients at step 3, first chunk. Max grad magnitude: 0.00e+00
⚠️  WARNING: Near-zero gradients at step 3, first chunk. Max grad magnitude: 0.00e+00
⚠️  WARNING: Near-zero gradients at step 3, first chunk. Max grad magnitude: 0.00e+00
⚠️  WARNING: Near-zero gradients at step 3, first chunk. Max grad magnitude: 0.00e+00
⚠️  WARNING: Near-zero gradients at step 3, first chunk. Max grad magnitude: 0.00e+00
shard 0:   4%|▍         | 7/167 [00:59<21:26,  8.04s/it]⚠️  WARNING: Near-zero gradients at step 1, first chunk. Max grad magnitude: 0.00e+00
⚠️  WARNING: Near-zero gradients at step 1, first chunk. Max grad magnitude: 0.00e+00
⚠️  WARNING: Near-zero gradients at step 1, first chunk. Max grad magnitude: 0.00e+00
⚠️  WARNING: Near-zero gradients at step 1, first chunk. Max grad magnitude: 0.00e+00
⚠️  WARNING: Near-zero gradients at step 1, first chunk. Max grad magnitude: 0.00e+00
⚠️  WARNING: Near-zero gradients at step 1, first chunk. Max grad magnitude: 0.00e+00
⚠️  WARNING: Near-zero gradients at step 1, first chunk. Max grad magnitude: 0.00e+00
⚠️  WARNING: Near-zero gradients at step 1, first chunk. Max grad magnitude: 0.00e+00
⚠️  WARNING: Near-zero gradients at step 1, first chunk. Max grad magnitude: 0.00e+00
⚠️  WARNING: Near-zero gradients at step 1, first chunk. Max grad magnitude: 0.00e+00
⚠️  WARNING: Near-zero gradients at step 1, first chunk. Max grad magnitude: 0.00e+00
⚠️  WARNING: Near-zero gradients at step 1, first chunk. Max grad magnitude: 0.00e+00
shard 0:   5%|▍         | 8/167 [01:06<20:40,  7.80s/it]⚠️  WARNING: Near-zero gradients at step 1, first chunk. Max grad magnitude: 0.00e+00
⚠️  WARNING: Near-zero gradients at step 1, first chunk. Max grad magnitude: 0.00e+00
⚠️  WARNING: Near-zero gradients at step 1, first chunk. Max grad magnitude: 0.00e+00
⚠️  WARNING: Near-zero gradients at step 1, first chunk. Max grad magnitude: 0.00e+00
⚠️  WARNING: Near-zero gradients at step 1, first chunk. Max grad magnitude: 0.00e+00
⚠️  WARNING: Near-zero gradients at step 1, first chunk. Max grad magnitude: 0.00e+00
⚠️  WARNING: Near-zero gradients at step 1, first chunk. Max grad magnitude: 0.00e+00
⚠️  WARNING: Near-zero gradients at step 1, first chunk. Max grad magnitude: 0.00e+00
⚠️  WARNING: Near-zero gradients at step 1, first chunk. Max grad magnitude: 0.00e+00
⚠️  WARNING: Near-zero gradients at step 1, first chunk. Max grad magnitude: 0.00e+00
⚠️  WARNING: Near-zero gradients at step 1, first chunk. Max grad magnitude: 0.00e+00
⚠️  WARNING: Near-zero gradients at step 1, first chunk. Max grad magnitude: 0.00e+00
⚠️  WARNING: Near-zero gradients at step 3, first chunk. Max grad magnitude: 0.00e+00
⚠️  WARNING: Near-zero gradients at step 3, first chunk. Max grad magnitude: 0.00e+00
⚠️  WARNING: Near-zero gradients at step 3, first chunk. Max grad magnitude: 0.00e+00
⚠️  WARNING: Near-zero gradients at step 3, first chunk. Max grad magnitude: 0.00e+00
⚠️  WARNING: Near-zero gradients at step 3, first chunk. Max grad magnitude: 0.00e+00
⚠️  WARNING: Near-zero gradients at step 3, first chunk. Max grad magnitude: 0.00e+00
⚠️  WARNING: Near-zero gradients at step 3, first chunk. Max grad magnitude: 0.00e+00
⚠️  WARNING: Near-zero gradients at step 3, first chunk. Max grad magnitude: 0.00e+00
⚠️  WARNING: Near-zero gradients at step 3, first chunk. Max grad magnitude: 0.00e+00
⚠️  WARNING: Near-zero gradients at step 3, first chunk. Max grad magnitude: 0.00e+00
⚠️  WARNING: Near-zero gradients at step 3, first chunk. Max grad magnitude: 0.00e+00
⚠️  WARNING: Near-zero gradients at step 3, first chunk. Max grad magnitude: 0.00e+00
shard 0:   5%|▌         | 9/167 [01:15<21:19,  8.09s/it]⚠️  WARNING: Near-zero gradients at step 1, first chunk. Max grad magnitude: 0.00e+00
⚠️  WARNING: Near-zero gradients at step 1, first chunk. Max grad magnitude: 0.00e+00
⚠️  WARNING: Near-zero gradients at step 1, first chunk. Max grad magnitude: 0.00e+00
⚠️  WARNING: Near-zero gradients at step 1, first chunk. Max grad magnitude: 0.00e+00
⚠️  WARNING: Near-zero gradients at step 1, first chunk. Max grad magnitude: 0.00e+00
⚠️  WARNING: Near-zero gradients at step 1, first chunk. Max grad magnitude: 0.00e+00
⚠️  WARNING: Near-zero gradients at step 1, first chunk. Max grad magnitude: 0.00e+00
⚠️  WARNING: Near-zero gradients at step 1, first chunk. Max grad magnitude: 0.00e+00
⚠️  WARNING: Near-zero gradients at step 1, first chunk. Max grad magnitude: 0.00e+00
⚠️  WARNING: Near-zero gradients at step 1, first chunk. Max grad magnitude: 0.00e+00
⚠️  WARNING: Near-zero gradients at step 1, first chunk. Max grad magnitude: 0.00e+00
⚠️  WARNING: Near-zero gradients at step 1, first chunk. Max grad magnitude: 0.00e+00
⚠️  WARNING: Near-zero gradients at step 3, first chunk. Max grad magnitude: 0.00e+00
⚠️  WARNING: Near-zero gradients at step 3, first chunk. Max grad magnitude: 0.00e+00
⚠️  WARNING: Near-zero gradients at step 3, first chunk. Max grad magnitude: 0.00e+00
⚠️  WARNING: Near-zero gradients at step 3, first chunk. Max grad magnitude: 0.00e+00
⚠️  WARNING: Near-zero gradients at step 3, first chunk. Max grad magnitude: 0.00e+00
⚠️  WARNING: Near-zero gradients at step 3, first chunk. Max grad magnitude: 0.00e+00
⚠️  WARNING: Near-zero gradients at step 3, first chunk. Max grad magnitude: 0.00e+00
⚠️  WARNING: Near-zero gradients at step 3, first chunk. Max grad magnitude: 0.00e+00
⚠️  WARNING: Near-zero gradients at step 3, first chunk. Max grad magnitude: 0.00e+00
⚠️  WARNING: Near-zero gradients at step 3, first chunk. Max grad magnitude: 0.00e+00
⚠️  WARNING: Near-zero gradients at step 3, first chunk. Max grad magnitude: 0.00e+00
⚠️  WARNING: Near-zero gradients at step 3, first chunk. Max grad magnitude: 0.00e+00
⚠️  WARNING: Near-zero gradients at step 5, first chunk. Max grad magnitude: 0.00e+00
⚠️  WARNING: Near-zero gradients at step 5, first chunk. Max grad magnitude: 0.00e+00
⚠️  WARNING: Near-zero gradients at step 5, first chunk. Max grad magnitude: 0.00e+00
⚠️  WARNING: Near-zero gradients at step 5, first chunk. Max grad magnitude: 0.00e+00
⚠️  WARNING: Near-zero gradients at step 5, first chunk. Max grad magnitude: 0.00e+00
⚠️  WARNING: Near-zero gradients at step 5, first chunk. Max grad magnitude: 0.00e+00
⚠️  WARNING: Near-zero gradients at step 5, first chunk. Max grad magnitude: 0.00e+00
⚠️  WARNING: Near-zero gradients at step 5, first chunk. Max grad magnitude: 0.00e+00
⚠️  WARNING: Near-zero gradients at step 5, first chunk. Max grad magnitude: 0.00e+00
⚠️  WARNING: Near-zero gradients at step 5, first chunk. Max grad magnitude: 0.00e+00
⚠️  WARNING: Near-zero gradients at step 5, first chunk. Max grad magnitude: 0.00e+00
⚠️  WARNING: Near-zero gradients at step 5, first chunk. Max grad magnitude: 0.00e+00
shard 0:   6%|▌         | 10/167 [01:22<20:33,  7.86s/it]⚠️  WARNING: Near-zero gradients at step 1, first chunk. Max grad magnitude: 0.00e+00
⚠️  WARNING: Near-zero gradients at step 1, first chunk. Max grad magnitude: 0.00e+00
⚠️  WARNING: Near-zero gradients at step 1, first chunk. Max grad magnitude: 0.00e+00
⚠️  WARNING: Near-zero gradients at step 1, first chunk. Max grad magnitude: 0.00e+00
⚠️  WARNING: Near-zero gradients at step 1, first chunk. Max grad magnitude: 0.00e+00
⚠️  WARNING: Near-zero gradients at step 1, first chunk. Max grad magnitude: 0.00e+00
⚠️  WARNING: Near-zero gradients at step 1, first chunk. Max grad magnitude: 0.00e+00
⚠️  WARNING: Near-zero gradients at step 1, first chunk. Max grad magnitude: 0.00e+00
⚠️  WARNING: Near-zero gradients at step 1, first chunk. Max grad magnitude: 0.00e+00
⚠️  WARNING: Near-zero gradients at step 1, first chunk. Max grad magnitude: 0.00e+00
⚠️  WARNING: Near-zero gradients at step 1, first chunk. Max grad magnitude: 0.00e+00
⚠️  WARNING: Near-zero gradients at step 1, first chunk. Max grad magnitude: 0.00e+00
⚠️  WARNING: Near-zero gradients at step 3, first chunk. Max grad magnitude: 0.00e+00
⚠️  WARNING: Near-zero gradients at step 3, first chunk. Max grad magnitude: 0.00e+00
⚠️  WARNING: Near-zero gradients at step 3, first chunk. Max grad magnitude: 0.00e+00
⚠️  WARNING: Near-zero gradients at step 3, first chunk. Max grad magnitude: 0.00e+00
⚠️  WARNING: Near-zero gradients at step 3, first chunk. Max grad magnitude: 0.00e+00
⚠️  WARNING: Near-zero gradients at step 3, first chunk. Max grad magnitude: 0.00e+00
⚠️  WARNING: Near-zero gradients at step 3, first chunk. Max grad magnitude: 0.00e+00
⚠️  WARNING: Near-zero gradients at step 3, first chunk. Max grad magnitude: 0.00e+00
⚠️  WARNING: Near-zero gradients at step 3, first chunk. Max grad magnitude: 0.00e+00
⚠️  WARNING: Near-zero gradients at step 3, first chunk. Max grad magnitude: 0.00e+00
⚠️  WARNING: Near-zero gradients at step 3, first chunk. Max grad magnitude: 0.00e+00
⚠️  WARNING: Near-zero gradients at step 3, first chunk. Max grad magnitude: 0.00e+00
shard 0:   7%|▋         | 11/167 [01:31<21:08,  8.13s/it]⚠️  WARNING: Near-zero gradients at step 1, first chunk. Max grad magnitude: 0.00e+00
⚠️  WARNING: Near-zero gradients at step 1, first chunk. Max grad magnitude: 0.00e+00
⚠️  WARNING: Near-zero gradients at step 1, first chunk. Max grad magnitude: 0.00e+00
⚠️  WARNING: Near-zero gradients at step 1, first chunk. Max grad magnitude: 0.00e+00
⚠️  WARNING: Near-zero gradients at step 1, first chunk. Max grad magnitude: 0.00e+00
⚠️  WARNING: Near-zero gradients at step 1, first chunk. Max grad magnitude: 0.00e+00
⚠️  WARNING: Near-zero gradients at step 1, first chunk. Max grad magnitude: 0.00e+00
⚠️  WARNING: Near-zero gradients at step 1, first chunk. Max grad magnitude: 0.00e+00
⚠️  WARNING: Near-zero gradients at step 1, first chunk. Max grad magnitude: 0.00e+00
⚠️  WARNING: Near-zero gradients at step 1, first chunk. Max grad magnitude: 0.00e+00
⚠️  WARNING: Near-zero gradients at step 1, first chunk. Max grad magnitude: 0.00e+00
⚠️  WARNING: Near-zero gradients at step 1, first chunk. Max grad magnitude: 0.00e+00
shard 0:   7%|▋         | 12/167 [01:42<23:50,  9.23s/it]⚠️  WARNING: Near-zero gradients at step 1, first chunk. Max grad magnitude: 0.00e+00
⚠️  WARNING: Near-zero gradients at step 1, first chunk. Max grad magnitude: 0.00e+00
⚠️  WARNING: Near-zero gradients at step 1, first chunk. Max grad magnitude: 0.00e+00
⚠️  WARNING: Near-zero gradients at step 1, first chunk. Max grad magnitude: 0.00e+00
⚠️  WARNING: Near-zero gradients at step 1, first chunk. Max grad magnitude: 0.00e+00
⚠️  WARNING: Near-zero gradients at step 1, first chunk. Max grad magnitude: 0.00e+00
⚠️  WARNING: Near-zero gradients at step 1, first chunk. Max grad magnitude: 0.00e+00
⚠️  WARNING: Near-zero gradients at step 1, first chunk. Max grad magnitude: 0.00e+00
⚠️  WARNING: Near-zero gradients at step 1, first chunk. Max grad magnitude: 0.00e+00
⚠️  WARNING: Near-zero gradients at step 1, first chunk. Max grad magnitude: 0.00e+00
⚠️  WARNING: Near-zero gradients at step 1, first chunk. Max grad magnitude: 0.00e+00
⚠️  WARNING: Near-zero gradients at step 1, first chunk. Max grad magnitude: 0.00e+00
shard 0:   8%|▊         | 13/167 [01:51<23:29,  9.15s/it]⚠️  WARNING: Near-zero gradients at step 1, first chunk. Max grad magnitude: 0.00e+00
⚠️  WARNING: Near-zero gradients at step 1, first chunk. Max grad magnitude: 0.00e+00
⚠️  WARNING: Near-zero gradients at step 1, first chunk. Max grad magnitude: 0.00e+00
⚠️  WARNING: Near-zero gradients at step 1, first chunk. Max grad magnitude: 0.00e+00
⚠️  WARNING: Near-zero gradients at step 1, first chunk. Max grad magnitude: 0.00e+00
⚠️  WARNING: Near-zero gradients at step 1, first chunk. Max grad magnitude: 0.00e+00
⚠️  WARNING: Near-zero gradients at step 1, first chunk. Max grad magnitude: 0.00e+00
⚠️  WARNING: Near-zero gradients at step 1, first chunk. Max grad magnitude: 0.00e+00
⚠️  WARNING: Near-zero gradients at step 1, first chunk. Max grad magnitude: 0.00e+00
⚠️  WARNING: Near-zero gradients at step 1, first chunk. Max grad magnitude: 0.00e+00
⚠️  WARNING: Near-zero gradients at step 1, first chunk. Max grad magnitude: 0.00e+00
⚠️  WARNING: Near-zero gradients at step 1, first chunk. Max grad magnitude: 0.00e+00
⚠️  WARNING: Near-zero gradients at step 3, first chunk. Max grad magnitude: 0.00e+00
⚠️  WARNING: Near-zero gradients at step 3, first chunk. Max grad magnitude: 0.00e+00
⚠️  WARNING: Near-zero gradients at step 3, first chunk. Max grad magnitude: 0.00e+00
⚠️  WARNING: Near-zero gradients at step 3, first chunk. Max grad magnitude: 0.00e+00
⚠️  WARNING: Near-zero gradients at step 3, first chunk. Max grad magnitude: 0.00e+00
⚠️  WARNING: Near-zero gradients at step 3, first chunk. Max grad magnitude: 0.00e+00
⚠️  WARNING: Near-zero gradients at step 3, first chunk. Max grad magnitude: 0.00e+00
⚠️  WARNING: Near-zero gradients at step 3, first chunk. Max grad magnitude: 0.00e+00
⚠️  WARNING: Near-zero gradients at step 3, first chunk. Max grad magnitude: 0.00e+00
⚠️  WARNING: Near-zero gradients at step 3, first chunk. Max grad magnitude: 0.00e+00
⚠️  WARNING: Near-zero gradients at step 3, first chunk. Max grad magnitude: 0.00e+00
⚠️  WARNING: Near-zero gradients at step 3, first chunk. Max grad magnitude: 0.00e+00
⚠️  WARNING: Near-zero gradients at step 5, first chunk. Max grad magnitude: 0.00e+00
⚠️  WARNING: Near-zero gradients at step 5, first chunk. Max grad magnitude: 0.00e+00
⚠️  WARNING: Near-zero gradients at step 5, first chunk. Max grad magnitude: 0.00e+00
⚠️  WARNING: Near-zero gradients at step 5, first chunk. Max grad magnitude: 0.00e+00
⚠️  WARNING: Near-zero gradients at step 5, first chunk. Max grad magnitude: 0.00e+00
⚠️  WARNING: Near-zero gradients at step 5, first chunk. Max grad magnitude: 0.00e+00
⚠️  WARNING: Near-zero gradients at step 5, first chunk. Max grad magnitude: 0.00e+00
⚠️  WARNING: Near-zero gradients at step 5, first chunk. Max grad magnitude: 0.00e+00
⚠️  WARNING: Near-zero gradients at step 5, first chunk. Max grad magnitude: 0.00e+00
⚠️  WARNING: Near-zero gradients at step 5, first chunk. Max grad magnitude: 0.00e+00
⚠️  WARNING: Near-zero gradients at step 5, first chunk. Max grad magnitude: 0.00e+00
⚠️  WARNING: Near-zero gradients at step 5, first chunk. Max grad magnitude: 0.00e+00
shard 0:   8%|▊         | 14/167 [01:59<22:00,  8.63s/it]⚠️  WARNING: Near-zero gradients at step 1, first chunk. Max grad magnitude: 0.00e+00
⚠️  WARNING: Near-zero gradients at step 1, first chunk. Max grad magnitude: 0.00e+00
⚠️  WARNING: Near-zero gradients at step 1, first chunk. Max grad magnitude: 0.00e+00
⚠️  WARNING: Near-zero gradients at step 1, first chunk. Max grad magnitude: 0.00e+00
⚠️  WARNING: Near-zero gradients at step 1, first chunk. Max grad magnitude: 0.00e+00
⚠️  WARNING: Near-zero gradients at step 1, first chunk. Max grad magnitude: 0.00e+00
⚠️  WARNING: Near-zero gradients at step 1, first chunk. Max grad magnitude: 0.00e+00
⚠️  WARNING: Near-zero gradients at step 1, first chunk. Max grad magnitude: 0.00e+00
⚠️  WARNING: Near-zero gradients at step 1, first chunk. Max grad magnitude: 0.00e+00
⚠️  WARNING: Near-zero gradients at step 1, first chunk. Max grad magnitude: 0.00e+00
⚠️  WARNING: Near-zero gradients at step 1, first chunk. Max grad magnitude: 0.00e+00
⚠️  WARNING: Near-zero gradients at step 1, first chunk. Max grad magnitude: 0.00e+00
⚠️  WARNING: Near-zero gradients at step 3, first chunk. Max grad magnitude: 0.00e+00
⚠️  WARNING: Near-zero gradients at step 3, first chunk. Max grad magnitude: 0.00e+00
⚠️  WARNING: Near-zero gradients at step 3, first chunk. Max grad magnitude: 0.00e+00
⚠️  WARNING: Near-zero gradients at step 3, first chunk. Max grad magnitude: 0.00e+00
⚠️  WARNING: Near-zero gradients at step 3, first chunk. Max grad magnitude: 0.00e+00
⚠️  WARNING: Near-zero gradients at step 3, first chunk. Max grad magnitude: 0.00e+00
⚠️  WARNING: Near-zero gradients at step 3, first chunk. Max grad magnitude: 0.00e+00
⚠️  WARNING: Near-zero gradients at step 3, first chunk. Max grad magnitude: 0.00e+00
⚠️  WARNING: Near-zero gradients at step 3, first chunk. Max grad magnitude: 0.00e+00
⚠️  WARNING: Near-zero gradients at step 3, first chunk. Max grad magnitude: 0.00e+00
⚠️  WARNING: Near-zero gradients at step 3, first chunk. Max grad magnitude: 0.00e+00
⚠️  WARNING: Near-zero gradients at step 3, first chunk. Max grad magnitude: 0.00e+00
shard 0:   9%|▉         | 15/167 [02:07<21:22,  8.44s/it]⚠️  WARNING: Near-zero gradients at step 1, first chunk. Max grad magnitude: 0.00e+00
⚠️  WARNING: Near-zero gradients at step 1, first chunk. Max grad magnitude: 0.00e+00
⚠️  WARNING: Near-zero gradients at step 1, first chunk. Max grad magnitude: 0.00e+00
⚠️  WARNING: Near-zero gradients at step 1, first chunk. Max grad magnitude: 0.00e+00
⚠️  WARNING: Near-zero gradients at step 1, first chunk. Max grad magnitude: 0.00e+00
⚠️  WARNING: Near-zero gradients at step 1, first chunk. Max grad magnitude: 0.00e+00
⚠️  WARNING: Near-zero gradients at step 1, first chunk. Max grad magnitude: 0.00e+00
⚠️  WARNING: Near-zero gradients at step 1, first chunk. Max grad magnitude: 0.00e+00
⚠️  WARNING: Near-zero gradients at step 1, first chunk. Max grad magnitude: 0.00e+00
⚠️  WARNING: Near-zero gradients at step 1, first chunk. Max grad magnitude: 0.00e+00
⚠️  WARNING: Near-zero gradients at step 1, first chunk. Max grad magnitude: 0.00e+00
⚠️  WARNING: Near-zero gradients at step 1, first chunk. Max grad magnitude: 0.00e+00
shard 0:  10%|▉         | 16/167 [02:15<20:54,  8.30s/it]⚠️  WARNING: Near-zero gradients at step 1, first chunk. Max grad magnitude: 0.00e+00
⚠️  WARNING: Near-zero gradients at step 1, first chunk. Max grad magnitude: 0.00e+00
⚠️  WARNING: Near-zero gradients at step 1, first chunk. Max grad magnitude: 0.00e+00
⚠️  WARNING: Near-zero gradients at step 1, first chunk. Max grad magnitude: 0.00e+00
⚠️  WARNING: Near-zero gradients at step 1, first chunk. Max grad magnitude: 0.00e+00
⚠️  WARNING: Near-zero gradients at step 1, first chunk. Max grad magnitude: 0.00e+00
⚠️  WARNING: Near-zero gradients at step 1, first chunk. Max grad magnitude: 0.00e+00
⚠️  WARNING: Near-zero gradients at step 1, first chunk. Max grad magnitude: 0.00e+00
⚠️  WARNING: Near-zero gradients at step 1, first chunk. Max grad magnitude: 0.00e+00
⚠️  WARNING: Near-zero gradients at step 1, first chunk. Max grad magnitude: 0.00e+00
⚠️  WARNING: Near-zero gradients at step 1, first chunk. Max grad magnitude: 0.00e+00
⚠️  WARNING: Near-zero gradients at step 1, first chunk. Max grad magnitude: 0.00e+00
shard 0:  10%|█         | 17/167 [02:23<20:42,  8.28s/it]⚠️  WARNING: Near-zero gradients at step 1, first chunk. Max grad magnitude: 0.00e+00
⚠️  WARNING: Near-zero gradients at step 1, first chunk. Max grad magnitude: 0.00e+00
⚠️  WARNING: Near-zero gradients at step 1, first chunk. Max grad magnitude: 0.00e+00
⚠️  WARNING: Near-zero gradients at step 1, first chunk. Max grad magnitude: 0.00e+00
⚠️  WARNING: Near-zero gradients at step 1, first chunk. Max grad magnitude: 0.00e+00
⚠️  WARNING: Near-zero gradients at step 1, first chunk. Max grad magnitude: 0.00e+00
⚠️  WARNING: Near-zero gradients at step 1, first chunk. Max grad magnitude: 0.00e+00
⚠️  WARNING: Near-zero gradients at step 1, first chunk. Max grad magnitude: 0.00e+00
⚠️  WARNING: Near-zero gradients at step 1, first chunk. Max grad magnitude: 0.00e+00
⚠️  WARNING: Near-zero gradients at step 1, first chunk. Max grad magnitude: 0.00e+00
⚠️  WARNING: Near-zero gradients at step 1, first chunk. Max grad magnitude: 0.00e+00
⚠️  WARNING: Near-zero gradients at step 1, first chunk. Max grad magnitude: 0.00e+00
⚠️  WARNING: Near-zero gradients at step 3, first chunk. Max grad magnitude: 0.00e+00
⚠️  WARNING: Near-zero gradients at step 3, first chunk. Max grad magnitude: 0.00e+00
⚠️  WARNING: Near-zero gradients at step 3, first chunk. Max grad magnitude: 0.00e+00
⚠️  WARNING: Near-zero gradients at step 3, first chunk. Max grad magnitude: 0.00e+00
⚠️  WARNING: Near-zero gradients at step 3, first chunk. Max grad magnitude: 0.00e+00
⚠️  WARNING: Near-zero gradients at step 3, first chunk. Max grad magnitude: 0.00e+00
⚠️  WARNING: Near-zero gradients at step 3, first chunk. Max grad magnitude: 0.00e+00
⚠️  WARNING: Near-zero gradients at step 3, first chunk. Max grad magnitude: 0.00e+00
⚠️  WARNING: Near-zero gradients at step 3, first chunk. Max grad magnitude: 0.00e+00
⚠️  WARNING: Near-zero gradients at step 3, first chunk. Max grad magnitude: 0.00e+00
⚠️  WARNING: Near-zero gradients at step 3, first chunk. Max grad magnitude: 0.00e+00
⚠️  WARNING: Near-zero gradients at step 3, first chunk. Max grad magnitude: 0.00e+00
⚠️  WARNING: Near-zero gradients at step 5, first chunk. Max grad magnitude: 0.00e+00
⚠️  WARNING: Near-zero gradients at step 5, first chunk. Max grad magnitude: 0.00e+00
⚠️  WARNING: Near-zero gradients at step 5, first chunk. Max grad magnitude: 0.00e+00
⚠️  WARNING: Near-zero gradients at step 5, first chunk. Max grad magnitude: 0.00e+00
⚠️  WARNING: Near-zero gradients at step 5, first chunk. Max grad magnitude: 0.00e+00
⚠️  WARNING: Near-zero gradients at step 5, first chunk. Max grad magnitude: 0.00e+00
⚠️  WARNING: Near-zero gradients at step 5, first chunk. Max grad magnitude: 0.00e+00
⚠️  WARNING: Near-zero gradients at step 5, first chunk. Max grad magnitude: 0.00e+00
⚠️  WARNING: Near-zero gradients at step 5, first chunk. Max grad magnitude: 0.00e+00
⚠️  WARNING: Near-zero gradients at step 5, first chunk. Max grad magnitude: 0.00e+00
⚠️  WARNING: Near-zero gradients at step 5, first chunk. Max grad magnitude: 0.00e+00
⚠️  WARNING: Near-zero gradients at step 5, first chunk. Max grad magnitude: 0.00e+00
shard 0:  11%|█         | 18/167 [02:33<21:37,  8.71s/it]⚠️  WARNING: Near-zero gradients at step 1, first chunk. Max grad magnitude: 0.00e+00
⚠️  WARNING: Near-zero gradients at step 1, first chunk. Max grad magnitude: 0.00e+00
⚠️  WARNING: Near-zero gradients at step 1, first chunk. Max grad magnitude: 0.00e+00
⚠️  WARNING: Near-zero gradients at step 1, first chunk. Max grad magnitude: 0.00e+00
⚠️  WARNING: Near-zero gradients at step 1, first chunk. Max grad magnitude: 0.00e+00
⚠️  WARNING: Near-zero gradients at step 1, first chunk. Max grad magnitude: 0.00e+00
⚠️  WARNING: Near-zero gradients at step 1, first chunk. Max grad magnitude: 0.00e+00
⚠️  WARNING: Near-zero gradients at step 1, first chunk. Max grad magnitude: 0.00e+00
⚠️  WARNING: Near-zero gradients at step 1, first chunk. Max grad magnitude: 0.00e+00
⚠️  WARNING: Near-zero gradients at step 1, first chunk. Max grad magnitude: 0.00e+00
⚠️  WARNING: Near-zero gradients at step 1, first chunk. Max grad magnitude: 0.00e+00
⚠️  WARNING: Near-zero gradients at step 1, first chunk. Max grad magnitude: 0.00e+00
shard 0:  11%|█▏        | 19/167 [02:42<21:37,  8.77s/it]⚠️  WARNING: Near-zero gradients at step 1, first chunk. Max grad magnitude: 0.00e+00
⚠️  WARNING: Near-zero gradients at step 1, first chunk. Max grad magnitude: 0.00e+00
⚠️  WARNING: Near-zero gradients at step 1, first chunk. Max grad magnitude: 0.00e+00
⚠️  WARNING: Near-zero gradients at step 1, first chunk. Max grad magnitude: 0.00e+00
⚠️  WARNING: Near-zero gradients at step 1, first chunk. Max grad magnitude: 0.00e+00
⚠️  WARNING: Near-zero gradients at step 1, first chunk. Max grad magnitude: 0.00e+00
⚠️  WARNING: Near-zero gradients at step 1, first chunk. Max grad magnitude: 0.00e+00
⚠️  WARNING: Near-zero gradients at step 1, first chunk. Max grad magnitude: 0.00e+00
⚠️  WARNING: Near-zero gradients at step 1, first chunk. Max grad magnitude: 0.00e+00
⚠️  WARNING: Near-zero gradients at step 1, first chunk. Max grad magnitude: 0.00e+00
⚠️  WARNING: Near-zero gradients at step 1, first chunk. Max grad magnitude: 0.00e+00
⚠️  WARNING: Near-zero gradients at step 1, first chunk. Max grad magnitude: 0.00e+00
⚠️  WARNING: Near-zero gradients at step 3, first chunk. Max grad magnitude: 0.00e+00
⚠️  WARNING: Near-zero gradients at step 3, first chunk. Max grad magnitude: 0.00e+00
⚠️  WARNING: Near-zero gradients at step 3, first chunk. Max grad magnitude: 0.00e+00
⚠️  WARNING: Near-zero gradients at step 3, first chunk. Max grad magnitude: 0.00e+00
⚠️  WARNING: Near-zero gradients at step 3, first chunk. Max grad magnitude: 0.00e+00
⚠️  WARNING: Near-zero gradients at step 3, first chunk. Max grad magnitude: 0.00e+00
⚠️  WARNING: Near-zero gradients at step 3, first chunk. Max grad magnitude: 0.00e+00
⚠️  WARNING: Near-zero gradients at step 3, first chunk. Max grad magnitude: 0.00e+00
⚠️  WARNING: Near-zero gradients at step 3, first chunk. Max grad magnitude: 0.00e+00
⚠️  WARNING: Near-zero gradients at step 3, first chunk. Max grad magnitude: 0.00e+00
⚠️  WARNING: Near-zero gradients at step 3, first chunk. Max grad magnitude: 0.00e+00
⚠️  WARNING: Near-zero gradients at step 3, first chunk. Max grad magnitude: 0.00e+00
⚠️  WARNING: Near-zero gradients at step 5, first chunk. Max grad magnitude: 0.00e+00
⚠️  WARNING: Near-zero gradients at step 5, first chunk. Max grad magnitude: 0.00e+00
⚠️  WARNING: Near-zero gradients at step 5, first chunk. Max grad magnitude: 0.00e+00
⚠️  WARNING: Near-zero gradients at step 5, first chunk. Max grad magnitude: 0.00e+00
⚠️  WARNING: Near-zero gradients at step 5, first chunk. Max grad magnitude: 0.00e+00
⚠️  WARNING: Near-zero gradients at step 5, first chunk. Max grad magnitude: 0.00e+00
⚠️  WARNING: Near-zero gradients at step 5, first chunk. Max grad magnitude: 0.00e+00
⚠️  WARNING: Near-zero gradients at step 5, first chunk. Max grad magnitude: 0.00e+00
⚠️  WARNING: Near-zero gradients at step 5, first chunk. Max grad magnitude: 0.00e+00
⚠️  WARNING: Near-zero gradients at step 5, first chunk. Max grad magnitude: 0.00e+00
⚠️  WARNING: Near-zero gradients at step 5, first chunk. Max grad magnitude: 0.00e+00
⚠️  WARNING: Near-zero gradients at step 5, first chunk. Max grad magnitude: 0.00e+00
shard 0:  12%|█▏        | 20/167 [02:50<20:53,  8.53s/it]⚠️  WARNING: Near-zero gradients at step 1, first chunk. Max grad magnitude: 0.00e+00
⚠️  WARNING: Near-zero gradients at step 1, first chunk. Max grad magnitude: 0.00e+00
⚠️  WARNING: Near-zero gradients at step 1, first chunk. Max grad magnitude: 0.00e+00
⚠️  WARNING: Near-zero gradients at step 1, first chunk. Max grad magnitude: 0.00e+00
⚠️  WARNING: Near-zero gradients at step 1, first chunk. Max grad magnitude: 0.00e+00
⚠️  WARNING: Near-zero gradients at step 1, first chunk. Max grad magnitude: 0.00e+00
⚠️  WARNING: Near-zero gradients at step 1, first chunk. Max grad magnitude: 0.00e+00
⚠️  WARNING: Near-zero gradients at step 1, first chunk. Max grad magnitude: 0.00e+00
⚠️  WARNING: Near-zero gradients at step 1, first chunk. Max grad magnitude: 0.00e+00
⚠️  WARNING: Near-zero gradients at step 1, first chunk. Max grad magnitude: 0.00e+00
⚠️  WARNING: Near-zero gradients at step 1, first chunk. Max grad magnitude: 0.00e+00
⚠️  WARNING: Near-zero gradients at step 1, first chunk. Max grad magnitude: 0.00e+00
shard 0:  13%|█▎        | 21/167 [02:59<21:01,  8.64s/it]⚠️  WARNING: Near-zero gradients at step 1, first chunk. Max grad magnitude: 0.00e+00
⚠️  WARNING: Near-zero gradients at step 1, first chunk. Max grad magnitude: 0.00e+00
⚠️  WARNING: Near-zero gradients at step 1, first chunk. Max grad magnitude: 0.00e+00
⚠️  WARNING: Near-zero gradients at step 1, first chunk. Max grad magnitude: 0.00e+00
⚠️  WARNING: Near-zero gradients at step 1, first chunk. Max grad magnitude: 0.00e+00
⚠️  WARNING: Near-zero gradients at step 1, first chunk. Max grad magnitude: 0.00e+00
⚠️  WARNING: Near-zero gradients at step 1, first chunk. Max grad magnitude: 0.00e+00
⚠️  WARNING: Near-zero gradients at step 1, first chunk. Max grad magnitude: 0.00e+00
⚠️  WARNING: Near-zero gradients at step 1, first chunk. Max grad magnitude: 0.00e+00
⚠️  WARNING: Near-zero gradients at step 1, first chunk. Max grad magnitude: 0.00e+00
⚠️  WARNING: Near-zero gradients at step 1, first chunk. Max grad magnitude: 0.00e+00
⚠️  WARNING: Near-zero gradients at step 1, first chunk. Max grad magnitude: 0.00e+00
⚠️  WARNING: Near-zero gradients at step 3, first chunk. Max grad magnitude: 0.00e+00
⚠️  WARNING: Near-zero gradients at step 3, first chunk. Max grad magnitude: 0.00e+00
⚠️  WARNING: Near-zero gradients at step 3, first chunk. Max grad magnitude: 0.00e+00
⚠️  WARNING: Near-zero gradients at step 3, first chunk. Max grad magnitude: 0.00e+00
⚠️  WARNING: Near-zero gradients at step 3, first chunk. Max grad magnitude: 0.00e+00
⚠️  WARNING: Near-zero gradients at step 3, first chunk. Max grad magnitude: 0.00e+00
⚠️  WARNING: Near-zero gradients at step 3, first chunk. Max grad magnitude: 0.00e+00
⚠️  WARNING: Near-zero gradients at step 3, first chunk. Max grad magnitude: 0.00e+00
⚠️  WARNING: Near-zero gradients at step 3, first chunk. Max grad magnitude: 0.00e+00
⚠️  WARNING: Near-zero gradients at step 3, first chunk. Max grad magnitude: 0.00e+00
⚠️  WARNING: Near-zero gradients at step 3, first chunk. Max grad magnitude: 0.00e+00
⚠️  WARNING: Near-zero gradients at step 3, first chunk. Max grad magnitude: 0.00e+00
⚠️  WARNING: Near-zero gradients at step 5, first chunk. Max grad magnitude: 0.00e+00
⚠️  WARNING: Near-zero gradients at step 5, first chunk. Max grad magnitude: 0.00e+00
⚠️  WARNING: Near-zero gradients at step 5, first chunk. Max grad magnitude: 0.00e+00
⚠️  WARNING: Near-zero gradients at step 5, first chunk. Max grad magnitude: 0.00e+00
⚠️  WARNING: Near-zero gradients at step 5, first chunk. Max grad magnitude: 0.00e+00
⚠️  WARNING: Near-zero gradients at step 5, first chunk. Max grad magnitude: 0.00e+00
⚠️  WARNING: Near-zero gradients at step 5, first chunk. Max grad magnitude: 0.00e+00
⚠️  WARNING: Near-zero gradients at step 5, first chunk. Max grad magnitude: 0.00e+00
⚠️  WARNING: Near-zero gradients at step 5, first chunk. Max grad magnitude: 0.00e+00
⚠️  WARNING: Near-zero gradients at step 5, first chunk. Max grad magnitude: 0.00e+00
⚠️  WARNING: Near-zero gradients at step 5, first chunk. Max grad magnitude: 0.00e+00
⚠️  WARNING: Near-zero gradients at step 5, first chunk. Max grad magnitude: 0.00e+00
shard 0:  13%|█▎        | 22/167 [03:07<21:04,  8.72s/it]⚠️  WARNING: Near-zero gradients at step 1, first chunk. Max grad magnitude: 0.00e+00
⚠️  WARNING: Near-zero gradients at step 1, first chunk. Max grad magnitude: 0.00e+00
⚠️  WARNING: Near-zero gradients at step 1, first chunk. Max grad magnitude: 0.00e+00
⚠️  WARNING: Near-zero gradients at step 1, first chunk. Max grad magnitude: 0.00e+00
⚠️  WARNING: Near-zero gradients at step 1, first chunk. Max grad magnitude: 0.00e+00
⚠️  WARNING: Near-zero gradients at step 1, first chunk. Max grad magnitude: 0.00e+00
⚠️  WARNING: Near-zero gradients at step 1, first chunk. Max grad magnitude: 0.00e+00
⚠️  WARNING: Near-zero gradients at step 1, first chunk. Max grad magnitude: 0.00e+00
⚠️  WARNING: Near-zero gradients at step 1, first chunk. Max grad magnitude: 0.00e+00
⚠️  WARNING: Near-zero gradients at step 1, first chunk. Max grad magnitude: 0.00e+00
⚠️  WARNING: Near-zero gradients at step 1, first chunk. Max grad magnitude: 0.00e+00
⚠️  WARNING: Near-zero gradients at step 1, first chunk. Max grad magnitude: 0.00e+00
⚠️  WARNING: Near-zero gradients at step 3, first chunk. Max grad magnitude: 0.00e+00
⚠️  WARNING: Near-zero gradients at step 3, first chunk. Max grad magnitude: 0.00e+00
⚠️  WARNING: Near-zero gradients at step 3, first chunk. Max grad magnitude: 0.00e+00
⚠️  WARNING: Near-zero gradients at step 3, first chunk. Max grad magnitude: 0.00e+00
⚠️  WARNING: Near-zero gradients at step 3, first chunk. Max grad magnitude: 0.00e+00
⚠️  WARNING: Near-zero gradients at step 3, first chunk. Max grad magnitude: 0.00e+00
⚠️  WARNING: Near-zero gradients at step 3, first chunk. Max grad magnitude: 0.00e+00
⚠️  WARNING: Near-zero gradients at step 3, first chunk. Max grad magnitude: 0.00e+00
⚠️  WARNING: Near-zero gradients at step 3, first chunk. Max grad magnitude: 0.00e+00
⚠️  WARNING: Near-zero gradients at step 3, first chunk. Max grad magnitude: 0.00e+00
⚠️  WARNING: Near-zero gradients at step 3, first chunk. Max grad magnitude: 0.00e+00
⚠️  WARNING: Near-zero gradients at step 3, first chunk. Max grad magnitude: 0.00e+00
⚠️  WARNING: Near-zero gradients at step 5, first chunk. Max grad magnitude: 0.00e+00
⚠️  WARNING: Near-zero gradients at step 5, first chunk. Max grad magnitude: 0.00e+00
⚠️  WARNING: Near-zero gradients at step 5, first chunk. Max grad magnitude: 0.00e+00
⚠️  WARNING: Near-zero gradients at step 5, first chunk. Max grad magnitude: 0.00e+00
⚠️  WARNING: Near-zero gradients at step 5, first chunk. Max grad magnitude: 0.00e+00
⚠️  WARNING: Near-zero gradients at step 5, first chunk. Max grad magnitude: 0.00e+00
⚠️  WARNING: Near-zero gradients at step 5, first chunk. Max grad magnitude: 0.00e+00
⚠️  WARNING: Near-zero gradients at step 5, first chunk. Max grad magnitude: 0.00e+00
⚠️  WARNING: Near-zero gradients at step 5, first chunk. Max grad magnitude: 0.00e+00
⚠️  WARNING: Near-zero gradients at step 5, first chunk. Max grad magnitude: 0.00e+00
⚠️  WARNING: Near-zero gradients at step 5, first chunk. Max grad magnitude: 0.00e+00
⚠️  WARNING: Near-zero gradients at step 5, first chunk. Max grad magnitude: 0.00e+00
shard 0:  14%|█▍        | 23/167 [03:15<19:56,  8.31s/it]⚠️  WARNING: Near-zero gradients at step 1, first chunk. Max grad magnitude: 0.00e+00
⚠️  WARNING: Near-zero gradients at step 1, first chunk. Max grad magnitude: 0.00e+00
⚠️  WARNING: Near-zero gradients at step 1, first chunk. Max grad magnitude: 0.00e+00
⚠️  WARNING: Near-zero gradients at step 1, first chunk. Max grad magnitude: 0.00e+00
⚠️  WARNING: Near-zero gradients at step 1, first chunk. Max grad magnitude: 0.00e+00
⚠️  WARNING: Near-zero gradients at step 1, first chunk. Max grad magnitude: 0.00e+00
⚠️  WARNING: Near-zero gradients at step 1, first chunk. Max grad magnitude: 0.00e+00
⚠️  WARNING: Near-zero gradients at step 1, first chunk. Max grad magnitude: 0.00e+00
⚠️  WARNING: Near-zero gradients at step 1, first chunk. Max grad magnitude: 0.00e+00
⚠️  WARNING: Near-zero gradients at step 1, first chunk. Max grad magnitude: 0.00e+00
⚠️  WARNING: Near-zero gradients at step 1, first chunk. Max grad magnitude: 0.00e+00
⚠️  WARNING: Near-zero gradients at step 1, first chunk. Max grad magnitude: 0.00e+00
⚠️  WARNING: Near-zero gradients at step 3, first chunk. Max grad magnitude: 0.00e+00
⚠️  WARNING: Near-zero gradients at step 3, first chunk. Max grad magnitude: 0.00e+00
⚠️  WARNING: Near-zero gradients at step 3, first chunk. Max grad magnitude: 0.00e+00
⚠️  WARNING: Near-zero gradients at step 3, first chunk. Max grad magnitude: 0.00e+00
⚠️  WARNING: Near-zero gradients at step 3, first chunk. Max grad magnitude: 0.00e+00
⚠️  WARNING: Near-zero gradients at step 3, first chunk. Max grad magnitude: 0.00e+00
⚠️  WARNING: Near-zero gradients at step 3, first chunk. Max grad magnitude: 0.00e+00
⚠️  WARNING: Near-zero gradients at step 3, first chunk. Max grad magnitude: 0.00e+00
⚠️  WARNING: Near-zero gradients at step 3, first chunk. Max grad magnitude: 0.00e+00
⚠️  WARNING: Near-zero gradients at step 3, first chunk. Max grad magnitude: 0.00e+00
⚠️  WARNING: Near-zero gradients at step 3, first chunk. Max grad magnitude: 0.00e+00
⚠️  WARNING: Near-zero gradients at step 3, first chunk. Max grad magnitude: 0.00e+00
shard 0:  14%|█▍        | 24/167 [03:24<20:15,  8.50s/it]⚠️  WARNING: Near-zero gradients at step 1, first chunk. Max grad magnitude: 0.00e+00
⚠️  WARNING: Near-zero gradients at step 1, first chunk. Max grad magnitude: 0.00e+00
⚠️  WARNING: Near-zero gradients at step 1, first chunk. Max grad magnitude: 0.00e+00
⚠️  WARNING: Near-zero gradients at step 1, first chunk. Max grad magnitude: 0.00e+00
⚠️  WARNING: Near-zero gradients at step 1, first chunk. Max grad magnitude: 0.00e+00
⚠️  WARNING: Near-zero gradients at step 1, first chunk. Max grad magnitude: 0.00e+00
⚠️  WARNING: Near-zero gradients at step 1, first chunk. Max grad magnitude: 0.00e+00
⚠️  WARNING: Near-zero gradients at step 1, first chunk. Max grad magnitude: 0.00e+00
⚠️  WARNING: Near-zero gradients at step 1, first chunk. Max grad magnitude: 0.00e+00
⚠️  WARNING: Near-zero gradients at step 1, first chunk. Max grad magnitude: 0.00e+00
⚠️  WARNING: Near-zero gradients at step 1, first chunk. Max grad magnitude: 0.00e+00
⚠️  WARNING: Near-zero gradients at step 1, first chunk. Max grad magnitude: 0.00e+00
shard 0:  15%|█▍        | 25/167 [03:31<19:20,  8.17s/it]⚠️  WARNING: Near-zero gradients at step 1, first chunk. Max grad magnitude: 0.00e+00
⚠️  WARNING: Near-zero gradients at step 1, first chunk. Max grad magnitude: 0.00e+00
⚠️  WARNING: Near-zero gradients at step 1, first chunk. Max grad magnitude: 0.00e+00
⚠️  WARNING: Near-zero gradients at step 1, first chunk. Max grad magnitude: 0.00e+00
⚠️  WARNING: Near-zero gradients at step 1, first chunk. Max grad magnitude: 0.00e+00
⚠️  WARNING: Near-zero gradients at step 1, first chunk. Max grad magnitude: 0.00e+00
⚠️  WARNING: Near-zero gradients at step 1, first chunk. Max grad magnitude: 0.00e+00
⚠️  WARNING: Near-zero gradients at step 1, first chunk. Max grad magnitude: 0.00e+00
⚠️  WARNING: Near-zero gradients at step 1, first chunk. Max grad magnitude: 0.00e+00
⚠️  WARNING: Near-zero gradients at step 1, first chunk. Max grad magnitude: 0.00e+00
⚠️  WARNING: Near-zero gradients at step 1, first chunk. Max grad magnitude: 0.00e+00
⚠️  WARNING: Near-zero gradients at step 1, first chunk. Max grad magnitude: 0.00e+00
⚠️  WARNING: Near-zero gradients at step 3, first chunk. Max grad magnitude: 0.00e+00
⚠️  WARNING: Near-zero gradients at step 3, first chunk. Max grad magnitude: 0.00e+00
⚠️  WARNING: Near-zero gradients at step 3, first chunk. Max grad magnitude: 0.00e+00
⚠️  WARNING: Near-zero gradients at step 3, first chunk. Max grad magnitude: 0.00e+00
⚠️  WARNING: Near-zero gradients at step 3, first chunk. Max grad magnitude: 0.00e+00
⚠️  WARNING: Near-zero gradients at step 3, first chunk. Max grad magnitude: 0.00e+00
⚠️  WARNING: Near-zero gradients at step 3, first chunk. Max grad magnitude: 0.00e+00
⚠️  WARNING: Near-zero gradients at step 3, first chunk. Max grad magnitude: 0.00e+00
⚠️  WARNING: Near-zero gradients at step 3, first chunk. Max grad magnitude: 0.00e+00
⚠️  WARNING: Near-zero gradients at step 3, first chunk. Max grad magnitude: 0.00e+00
⚠️  WARNING: Near-zero gradients at step 3, first chunk. Max grad magnitude: 0.00e+00
⚠️  WARNING: Near-zero gradients at step 3, first chunk. Max grad magnitude: 0.00e+00
⚠️  WARNING: Near-zero gradients at step 5, first chunk. Max grad magnitude: 0.00e+00
⚠️  WARNING: Near-zero gradients at step 5, first chunk. Max grad magnitude: 0.00e+00
⚠️  WARNING: Near-zero gradients at step 5, first chunk. Max grad magnitude: 0.00e+00
⚠️  WARNING: Near-zero gradients at step 5, first chunk. Max grad magnitude: 0.00e+00
⚠️  WARNING: Near-zero gradients at step 5, first chunk. Max grad magnitude: 0.00e+00
⚠️  WARNING: Near-zero gradients at step 5, first chunk. Max grad magnitude: 0.00e+00
⚠️  WARNING: Near-zero gradients at step 5, first chunk. Max grad magnitude: 0.00e+00
⚠️  WARNING: Near-zero gradients at step 5, first chunk. Max grad magnitude: 0.00e+00
⚠️  WARNING: Near-zero gradients at step 5, first chunk. Max grad magnitude: 0.00e+00
⚠️  WARNING: Near-zero gradients at step 5, first chunk. Max grad magnitude: 0.00e+00
⚠️  WARNING: Near-zero gradients at step 5, first chunk. Max grad magnitude: 0.00e+00
⚠️  WARNING: Near-zero gradients at step 5, first chunk. Max grad magnitude: 0.00e+00
⚠️  WARNING: Near-zero gradients at step 7, first chunk. Max grad magnitude: 0.00e+00
⚠️  WARNING: Near-zero gradients at step 7, first chunk. Max grad magnitude: 0.00e+00
⚠️  WARNING: Near-zero gradients at step 7, first chunk. Max grad magnitude: 0.00e+00
⚠️  WARNING: Near-zero gradients at step 7, first chunk. Max grad magnitude: 0.00e+00
⚠️  WARNING: Near-zero gradients at step 7, first chunk. Max grad magnitude: 0.00e+00
⚠️  WARNING: Near-zero gradients at step 7, first chunk. Max grad magnitude: 0.00e+00
⚠️  WARNING: Near-zero gradients at step 7, first chunk. Max grad magnitude: 0.00e+00
⚠️  WARNING: Near-zero gradients at step 7, first chunk. Max grad magnitude: 0.00e+00
⚠️  WARNING: Near-zero gradients at step 7, first chunk. Max grad magnitude: 0.00e+00
⚠️  WARNING: Near-zero gradients at step 7, first chunk. Max grad magnitude: 0.00e+00
⚠️  WARNING: Near-zero gradients at step 7, first chunk. Max grad magnitude: 0.00e+00
⚠️  WARNING: Near-zero gradients at step 7, first chunk. Max grad magnitude: 0.00e+00
shard 0:  16%|█▌        | 26/167 [03:40<19:38,  8.36s/it]⚠️  WARNING: Near-zero gradients at step 1, first chunk. Max grad magnitude: 0.00e+00
⚠️  WARNING: Near-zero gradients at step 1, first chunk. Max grad magnitude: 0.00e+00
⚠️  WARNING: Near-zero gradients at step 1, first chunk. Max grad magnitude: 0.00e+00
⚠️  WARNING: Near-zero gradients at step 1, first chunk. Max grad magnitude: 0.00e+00
⚠️  WARNING: Near-zero gradients at step 1, first chunk. Max grad magnitude: 0.00e+00
⚠️  WARNING: Near-zero gradients at step 1, first chunk. Max grad magnitude: 0.00e+00
⚠️  WARNING: Near-zero gradients at step 1, first chunk. Max grad magnitude: 0.00e+00
⚠️  WARNING: Near-zero gradients at step 1, first chunk. Max grad magnitude: 0.00e+00
⚠️  WARNING: Near-zero gradients at step 1, first chunk. Max grad magnitude: 0.00e+00
⚠️  WARNING: Near-zero gradients at step 1, first chunk. Max grad magnitude: 0.00e+00
⚠️  WARNING: Near-zero gradients at step 1, first chunk. Max grad magnitude: 0.00e+00
⚠️  WARNING: Near-zero gradients at step 1, first chunk. Max grad magnitude: 0.00e+00
⚠️  WARNING: Near-zero gradients at step 3, first chunk. Max grad magnitude: 0.00e+00
⚠️  WARNING: Near-zero gradients at step 3, first chunk. Max grad magnitude: 0.00e+00
⚠️  WARNING: Near-zero gradients at step 3, first chunk. Max grad magnitude: 0.00e+00
⚠️  WARNING: Near-zero gradients at step 3, first chunk. Max grad magnitude: 0.00e+00
⚠️  WARNING: Near-zero gradients at step 3, first chunk. Max grad magnitude: 0.00e+00
⚠️  WARNING: Near-zero gradients at step 3, first chunk. Max grad magnitude: 0.00e+00
⚠️  WARNING: Near-zero gradients at step 3, first chunk. Max grad magnitude: 0.00e+00
⚠️  WARNING: Near-zero gradients at step 3, first chunk. Max grad magnitude: 0.00e+00
⚠️  WARNING: Near-zero gradients at step 3, first chunk. Max grad magnitude: 0.00e+00
⚠️  WARNING: Near-zero gradients at step 3, first chunk. Max grad magnitude: 0.00e+00
⚠️  WARNING: Near-zero gradients at step 3, first chunk. Max grad magnitude: 0.00e+00
⚠️  WARNING: Near-zero gradients at step 3, first chunk. Max grad magnitude: 0.00e+00
⚠️  WARNING: Near-zero gradients at step 5, first chunk. Max grad magnitude: 0.00e+00
⚠️  WARNING: Near-zero gradients at step 5, first chunk. Max grad magnitude: 0.00e+00
⚠️  WARNING: Near-zero gradients at step 5, first chunk. Max grad magnitude: 0.00e+00
⚠️  WARNING: Near-zero gradients at step 5, first chunk. Max grad magnitude: 0.00e+00
⚠️  WARNING: Near-zero gradients at step 5, first chunk. Max grad magnitude: 0.00e+00
⚠️  WARNING: Near-zero gradients at step 5, first chunk. Max grad magnitude: 0.00e+00
⚠️  WARNING: Near-zero gradients at step 5, first chunk. Max grad magnitude: 0.00e+00
⚠️  WARNING: Near-zero gradients at step 5, first chunk. Max grad magnitude: 0.00e+00
⚠️  WARNING: Near-zero gradients at step 5, first chunk. Max grad magnitude: 0.00e+00
⚠️  WARNING: Near-zero gradients at step 5, first chunk. Max grad magnitude: 0.00e+00
⚠️  WARNING: Near-zero gradients at step 5, first chunk. Max grad magnitude: 0.00e+00
⚠️  WARNING: Near-zero gradients at step 5, first chunk. Max grad magnitude: 0.00e+00
⚠️  WARNING: Near-zero gradients at step 7, first chunk. Max grad magnitude: 0.00e+00
⚠️  WARNING: Near-zero gradients at step 7, first chunk. Max grad magnitude: 0.00e+00
⚠️  WARNING: Near-zero gradients at step 7, first chunk. Max grad magnitude: 0.00e+00
⚠️  WARNING: Near-zero gradients at step 7, first chunk. Max grad magnitude: 0.00e+00
⚠️  WARNING: Near-zero gradients at step 7, first chunk. Max grad magnitude: 0.00e+00
⚠️  WARNING: Near-zero gradients at step 7, first chunk. Max grad magnitude: 0.00e+00
⚠️  WARNING: Near-zero gradients at step 7, first chunk. Max grad magnitude: 0.00e+00
⚠️  WARNING: Near-zero gradients at step 7, first chunk. Max grad magnitude: 0.00e+00
⚠️  WARNING: Near-zero gradients at step 7, first chunk. Max grad magnitude: 0.00e+00
⚠️  WARNING: Near-zero gradients at step 7, first chunk. Max grad magnitude: 0.00e+00
⚠️  WARNING: Near-zero gradients at step 7, first chunk. Max grad magnitude: 0.00e+00
⚠️  WARNING: Near-zero gradients at step 7, first chunk. Max grad magnitude: 0.00e+00
shard 0:  16%|█▌        | 27/167 [03:49<19:45,  8.47s/it]⚠️  WARNING: Near-zero gradients at step 1, first chunk. Max grad magnitude: 0.00e+00
⚠️  WARNING: Near-zero gradients at step 1, first chunk. Max grad magnitude: 0.00e+00
⚠️  WARNING: Near-zero gradients at step 1, first chunk. Max grad magnitude: 0.00e+00
⚠️  WARNING: Near-zero gradients at step 1, first chunk. Max grad magnitude: 0.00e+00
⚠️  WARNING: Near-zero gradients at step 1, first chunk. Max grad magnitude: 0.00e+00
⚠️  WARNING: Near-zero gradients at step 1, first chunk. Max grad magnitude: 0.00e+00
⚠️  WARNING: Near-zero gradients at step 1, first chunk. Max grad magnitude: 0.00e+00
⚠️  WARNING: Near-zero gradients at step 1, first chunk. Max grad magnitude: 0.00e+00
⚠️  WARNING: Near-zero gradients at step 1, first chunk. Max grad magnitude: 0.00e+00
⚠️  WARNING: Near-zero gradients at step 1, first chunk. Max grad magnitude: 0.00e+00
⚠️  WARNING: Near-zero gradients at step 1, first chunk. Max grad magnitude: 0.00e+00
⚠️  WARNING: Near-zero gradients at step 1, first chunk. Max grad magnitude: 0.00e+00
⚠️  WARNING: Near-zero gradients at step 3, first chunk. Max grad magnitude: 0.00e+00
⚠️  WARNING: Near-zero gradients at step 3, first chunk. Max grad magnitude: 0.00e+00
⚠️  WARNING: Near-zero gradients at step 3, first chunk. Max grad magnitude: 0.00e+00
⚠️  WARNING: Near-zero gradients at step 3, first chunk. Max grad magnitude: 0.00e+00
⚠️  WARNING: Near-zero gradients at step 3, first chunk. Max grad magnitude: 0.00e+00
⚠️  WARNING: Near-zero gradients at step 3, first chunk. Max grad magnitude: 0.00e+00
⚠️  WARNING: Near-zero gradients at step 3, first chunk. Max grad magnitude: 0.00e+00
⚠️  WARNING: Near-zero gradients at step 3, first chunk. Max grad magnitude: 0.00e+00
⚠️  WARNING: Near-zero gradients at step 3, first chunk. Max grad magnitude: 0.00e+00
⚠️  WARNING: Near-zero gradients at step 3, first chunk. Max grad magnitude: 0.00e+00
⚠️  WARNING: Near-zero gradients at step 3, first chunk. Max grad magnitude: 0.00e+00
⚠️  WARNING: Near-zero gradients at step 3, first chunk. Max grad magnitude: 0.00e+00
shard 0:  17%|█▋        | 28/167 [03:57<19:16,  8.32s/it]shard 0:  17%|█▋        | 29/167 [04:05<19:12,  8.35s/it]⚠️  WARNING: Near-zero gradients at step 1, first chunk. Max grad magnitude: 0.00e+00
⚠️  WARNING: Near-zero gradients at step 1, first chunk. Max grad magnitude: 0.00e+00
⚠️  WARNING: Near-zero gradients at step 1, first chunk. Max grad magnitude: 0.00e+00
⚠️  WARNING: Near-zero gradients at step 1, first chunk. Max grad magnitude: 0.00e+00
⚠️  WARNING: Near-zero gradients at step 1, first chunk. Max grad magnitude: 0.00e+00
⚠️  WARNING: Near-zero gradients at step 1, first chunk. Max grad magnitude: 0.00e+00
⚠️  WARNING: Near-zero gradients at step 1, first chunk. Max grad magnitude: 0.00e+00
⚠️  WARNING: Near-zero gradients at step 1, first chunk. Max grad magnitude: 0.00e+00
⚠️  WARNING: Near-zero gradients at step 1, first chunk. Max grad magnitude: 0.00e+00
⚠️  WARNING: Near-zero gradients at step 1, first chunk. Max grad magnitude: 0.00e+00
⚠️  WARNING: Near-zero gradients at step 1, first chunk. Max grad magnitude: 0.00e+00
⚠️  WARNING: Near-zero gradients at step 1, first chunk. Max grad magnitude: 0.00e+00
shard 0:  18%|█▊        | 30/167 [04:13<19:04,  8.35s/it]⚠️  WARNING: Near-zero gradients at step 1, first chunk. Max grad magnitude: 0.00e+00
⚠️  WARNING: Near-zero gradients at step 1, first chunk. Max grad magnitude: 0.00e+00
⚠️  WARNING: Near-zero gradients at step 1, first chunk. Max grad magnitude: 0.00e+00
⚠️  WARNING: Near-zero gradients at step 1, first chunk. Max grad magnitude: 0.00e+00
⚠️  WARNING: Near-zero gradients at step 1, first chunk. Max grad magnitude: 0.00e+00
⚠️  WARNING: Near-zero gradients at step 1, first chunk. Max grad magnitude: 0.00e+00
⚠️  WARNING: Near-zero gradients at step 1, first chunk. Max grad magnitude: 0.00e+00
⚠️  WARNING: Near-zero gradients at step 1, first chunk. Max grad magnitude: 0.00e+00
⚠️  WARNING: Near-zero gradients at step 1, first chunk. Max grad magnitude: 0.00e+00
⚠️  WARNING: Near-zero gradients at step 1, first chunk. Max grad magnitude: 0.00e+00
⚠️  WARNING: Near-zero gradients at step 1, first chunk. Max grad magnitude: 0.00e+00
⚠️  WARNING: Near-zero gradients at step 1, first chunk. Max grad magnitude: 0.00e+00
⚠️  WARNING: Near-zero gradients at step 3, first chunk. Max grad magnitude: 0.00e+00
⚠️  WARNING: Near-zero gradients at step 3, first chunk. Max grad magnitude: 0.00e+00
⚠️  WARNING: Near-zero gradients at step 3, first chunk. Max grad magnitude: 0.00e+00
⚠️  WARNING: Near-zero gradients at step 3, first chunk. Max grad magnitude: 0.00e+00
⚠️  WARNING: Near-zero gradients at step 3, first chunk. Max grad magnitude: 0.00e+00
⚠️  WARNING: Near-zero gradients at step 3, first chunk. Max grad magnitude: 0.00e+00
⚠️  WARNING: Near-zero gradients at step 3, first chunk. Max grad magnitude: 0.00e+00
⚠️  WARNING: Near-zero gradients at step 3, first chunk. Max grad magnitude: 0.00e+00
⚠️  WARNING: Near-zero gradients at step 3, first chunk. Max grad magnitude: 0.00e+00
⚠️  WARNING: Near-zero gradients at step 3, first chunk. Max grad magnitude: 0.00e+00
⚠️  WARNING: Near-zero gradients at step 3, first chunk. Max grad magnitude: 0.00e+00
⚠️  WARNING: Near-zero gradients at step 3, first chunk. Max grad magnitude: 0.00e+00
shard 0:  19%|█▊        | 31/167 [04:22<18:50,  8.31s/it]⚠️  WARNING: Near-zero gradients at step 1, first chunk. Max grad magnitude: 0.00e+00
⚠️  WARNING: Near-zero gradients at step 1, first chunk. Max grad magnitude: 0.00e+00
⚠️  WARNING: Near-zero gradients at step 1, first chunk. Max grad magnitude: 0.00e+00
⚠️  WARNING: Near-zero gradients at step 1, first chunk. Max grad magnitude: 0.00e+00
⚠️  WARNING: Near-zero gradients at step 1, first chunk. Max grad magnitude: 0.00e+00
⚠️  WARNING: Near-zero gradients at step 1, first chunk. Max grad magnitude: 0.00e+00
⚠️  WARNING: Near-zero gradients at step 1, first chunk. Max grad magnitude: 0.00e+00
⚠️  WARNING: Near-zero gradients at step 1, first chunk. Max grad magnitude: 0.00e+00
⚠️  WARNING: Near-zero gradients at step 1, first chunk. Max grad magnitude: 0.00e+00
⚠️  WARNING: Near-zero gradients at step 1, first chunk. Max grad magnitude: 0.00e+00
⚠️  WARNING: Near-zero gradients at step 1, first chunk. Max grad magnitude: 0.00e+00
⚠️  WARNING: Near-zero gradients at step 1, first chunk. Max grad magnitude: 0.00e+00
⚠️  WARNING: Near-zero gradients at step 3, first chunk. Max grad magnitude: 0.00e+00
⚠️  WARNING: Near-zero gradients at step 3, first chunk. Max grad magnitude: 0.00e+00
⚠️  WARNING: Near-zero gradients at step 3, first chunk. Max grad magnitude: 0.00e+00
⚠️  WARNING: Near-zero gradients at step 3, first chunk. Max grad magnitude: 0.00e+00
⚠️  WARNING: Near-zero gradients at step 3, first chunk. Max grad magnitude: 0.00e+00
⚠️  WARNING: Near-zero gradients at step 3, first chunk. Max grad magnitude: 0.00e+00
⚠️  WARNING: Near-zero gradients at step 3, first chunk. Max grad magnitude: 0.00e+00
⚠️  WARNING: Near-zero gradients at step 3, first chunk. Max grad magnitude: 0.00e+00
⚠️  WARNING: Near-zero gradients at step 3, first chunk. Max grad magnitude: 0.00e+00
⚠️  WARNING: Near-zero gradients at step 3, first chunk. Max grad magnitude: 0.00e+00
⚠️  WARNING: Near-zero gradients at step 3, first chunk. Max grad magnitude: 0.00e+00
⚠️  WARNING: Near-zero gradients at step 3, first chunk. Max grad magnitude: 0.00e+00
shard 0:  19%|█▉        | 32/167 [04:29<18:06,  8.05s/it]shard 0:  20%|█▉        | 33/167 [04:36<17:33,  7.86s/it]⚠️  WARNING: Near-zero gradients at step 1, first chunk. Max grad magnitude: 0.00e+00
⚠️  WARNING: Near-zero gradients at step 1, first chunk. Max grad magnitude: 0.00e+00
⚠️  WARNING: Near-zero gradients at step 1, first chunk. Max grad magnitude: 0.00e+00
⚠️  WARNING: Near-zero gradients at step 1, first chunk. Max grad magnitude: 0.00e+00
⚠️  WARNING: Near-zero gradients at step 1, first chunk. Max grad magnitude: 0.00e+00
⚠️  WARNING: Near-zero gradients at step 1, first chunk. Max grad magnitude: 0.00e+00
⚠️  WARNING: Near-zero gradients at step 1, first chunk. Max grad magnitude: 0.00e+00
⚠️  WARNING: Near-zero gradients at step 1, first chunk. Max grad magnitude: 0.00e+00
⚠️  WARNING: Near-zero gradients at step 1, first chunk. Max grad magnitude: 0.00e+00
⚠️  WARNING: Near-zero gradients at step 1, first chunk. Max grad magnitude: 0.00e+00
⚠️  WARNING: Near-zero gradients at step 1, first chunk. Max grad magnitude: 0.00e+00
⚠️  WARNING: Near-zero gradients at step 1, first chunk. Max grad magnitude: 0.00e+00
⚠️  WARNING: Near-zero gradients at step 3, first chunk. Max grad magnitude: 0.00e+00
⚠️  WARNING: Near-zero gradients at step 3, first chunk. Max grad magnitude: 0.00e+00
⚠️  WARNING: Near-zero gradients at step 3, first chunk. Max grad magnitude: 0.00e+00
⚠️  WARNING: Near-zero gradients at step 3, first chunk. Max grad magnitude: 0.00e+00
⚠️  WARNING: Near-zero gradients at step 3, first chunk. Max grad magnitude: 0.00e+00
⚠️  WARNING: Near-zero gradients at step 3, first chunk. Max grad magnitude: 0.00e+00
⚠️  WARNING: Near-zero gradients at step 3, first chunk. Max grad magnitude: 0.00e+00
⚠️  WARNING: Near-zero gradients at step 3, first chunk. Max grad magnitude: 0.00e+00
⚠️  WARNING: Near-zero gradients at step 3, first chunk. Max grad magnitude: 0.00e+00
⚠️  WARNING: Near-zero gradients at step 3, first chunk. Max grad magnitude: 0.00e+00
⚠️  WARNING: Near-zero gradients at step 3, first chunk. Max grad magnitude: 0.00e+00
⚠️  WARNING: Near-zero gradients at step 3, first chunk. Max grad magnitude: 0.00e+00
⚠️  WARNING: Near-zero gradients at step 5, first chunk. Max grad magnitude: 0.00e+00
⚠️  WARNING: Near-zero gradients at step 5, first chunk. Max grad magnitude: 0.00e+00
⚠️  WARNING: Near-zero gradients at step 5, first chunk. Max grad magnitude: 0.00e+00
⚠️  WARNING: Near-zero gradients at step 5, first chunk. Max grad magnitude: 0.00e+00
⚠️  WARNING: Near-zero gradients at step 5, first chunk. Max grad magnitude: 0.00e+00
⚠️  WARNING: Near-zero gradients at step 5, first chunk. Max grad magnitude: 0.00e+00
⚠️  WARNING: Near-zero gradients at step 5, first chunk. Max grad magnitude: 0.00e+00
⚠️  WARNING: Near-zero gradients at step 5, first chunk. Max grad magnitude: 0.00e+00
⚠️  WARNING: Near-zero gradients at step 5, first chunk. Max grad magnitude: 0.00e+00
⚠️  WARNING: Near-zero gradients at step 5, first chunk. Max grad magnitude: 0.00e+00
⚠️  WARNING: Near-zero gradients at step 5, first chunk. Max grad magnitude: 0.00e+00
⚠️  WARNING: Near-zero gradients at step 5, first chunk. Max grad magnitude: 0.00e+00
shard 0:  20%|██        | 34/167 [04:45<18:05,  8.16s/it]⚠️  WARNING: Near-zero gradients at step 1, first chunk. Max grad magnitude: 0.00e+00
⚠️  WARNING: Near-zero gradients at step 1, first chunk. Max grad magnitude: 0.00e+00
⚠️  WARNING: Near-zero gradients at step 1, first chunk. Max grad magnitude: 0.00e+00
⚠️  WARNING: Near-zero gradients at step 1, first chunk. Max grad magnitude: 0.00e+00
⚠️  WARNING: Near-zero gradients at step 1, first chunk. Max grad magnitude: 0.00e+00
⚠️  WARNING: Near-zero gradients at step 1, first chunk. Max grad magnitude: 0.00e+00
⚠️  WARNING: Near-zero gradients at step 1, first chunk. Max grad magnitude: 0.00e+00
⚠️  WARNING: Near-zero gradients at step 1, first chunk. Max grad magnitude: 0.00e+00
⚠️  WARNING: Near-zero gradients at step 1, first chunk. Max grad magnitude: 0.00e+00
⚠️  WARNING: Near-zero gradients at step 1, first chunk. Max grad magnitude: 0.00e+00
⚠️  WARNING: Near-zero gradients at step 1, first chunk. Max grad magnitude: 0.00e+00
⚠️  WARNING: Near-zero gradients at step 1, first chunk. Max grad magnitude: 0.00e+00
⚠️  WARNING: Near-zero gradients at step 3, first chunk. Max grad magnitude: 0.00e+00
⚠️  WARNING: Near-zero gradients at step 3, first chunk. Max grad magnitude: 0.00e+00
⚠️  WARNING: Near-zero gradients at step 3, first chunk. Max grad magnitude: 0.00e+00
⚠️  WARNING: Near-zero gradients at step 3, first chunk. Max grad magnitude: 0.00e+00
⚠️  WARNING: Near-zero gradients at step 3, first chunk. Max grad magnitude: 0.00e+00
⚠️  WARNING: Near-zero gradients at step 3, first chunk. Max grad magnitude: 0.00e+00
⚠️  WARNING: Near-zero gradients at step 3, first chunk. Max grad magnitude: 0.00e+00
⚠️  WARNING: Near-zero gradients at step 3, first chunk. Max grad magnitude: 0.00e+00
⚠️  WARNING: Near-zero gradients at step 3, first chunk. Max grad magnitude: 0.00e+00
⚠️  WARNING: Near-zero gradients at step 3, first chunk. Max grad magnitude: 0.00e+00
⚠️  WARNING: Near-zero gradients at step 3, first chunk. Max grad magnitude: 0.00e+00
⚠️  WARNING: Near-zero gradients at step 3, first chunk. Max grad magnitude: 0.00e+00
shard 0:  21%|██        | 35/167 [04:53<17:31,  7.97s/it]shard 0:  22%|██▏       | 36/167 [05:01<17:28,  8.00s/it]⚠️  WARNING: Near-zero gradients at step 1, first chunk. Max grad magnitude: 0.00e+00
⚠️  WARNING: Near-zero gradients at step 1, first chunk. Max grad magnitude: 0.00e+00
⚠️  WARNING: Near-zero gradients at step 1, first chunk. Max grad magnitude: 0.00e+00
⚠️  WARNING: Near-zero gradients at step 1, first chunk. Max grad magnitude: 0.00e+00
⚠️  WARNING: Near-zero gradients at step 1, first chunk. Max grad magnitude: 0.00e+00
⚠️  WARNING: Near-zero gradients at step 1, first chunk. Max grad magnitude: 0.00e+00
⚠️  WARNING: Near-zero gradients at step 1, first chunk. Max grad magnitude: 0.00e+00
⚠️  WARNING: Near-zero gradients at step 1, first chunk. Max grad magnitude: 0.00e+00
⚠️  WARNING: Near-zero gradients at step 1, first chunk. Max grad magnitude: 0.00e+00
⚠️  WARNING: Near-zero gradients at step 1, first chunk. Max grad magnitude: 0.00e+00
⚠️  WARNING: Near-zero gradients at step 1, first chunk. Max grad magnitude: 0.00e+00
⚠️  WARNING: Near-zero gradients at step 1, first chunk. Max grad magnitude: 0.00e+00
⚠️  WARNING: Near-zero gradients at step 3, first chunk. Max grad magnitude: 0.00e+00
⚠️  WARNING: Near-zero gradients at step 3, first chunk. Max grad magnitude: 0.00e+00
⚠️  WARNING: Near-zero gradients at step 3, first chunk. Max grad magnitude: 0.00e+00
⚠️  WARNING: Near-zero gradients at step 3, first chunk. Max grad magnitude: 0.00e+00
⚠️  WARNING: Near-zero gradients at step 3, first chunk. Max grad magnitude: 0.00e+00
⚠️  WARNING: Near-zero gradients at step 3, first chunk. Max grad magnitude: 0.00e+00
⚠️  WARNING: Near-zero gradients at step 3, first chunk. Max grad magnitude: 0.00e+00
⚠️  WARNING: Near-zero gradients at step 3, first chunk. Max grad magnitude: 0.00e+00
⚠️  WARNING: Near-zero gradients at step 3, first chunk. Max grad magnitude: 0.00e+00
⚠️  WARNING: Near-zero gradients at step 3, first chunk. Max grad magnitude: 0.00e+00
⚠️  WARNING: Near-zero gradients at step 3, first chunk. Max grad magnitude: 0.00e+00
⚠️  WARNING: Near-zero gradients at step 3, first chunk. Max grad magnitude: 0.00e+00
shard 0:  22%|██▏       | 37/167 [05:08<17:01,  7.86s/it]⚠️  WARNING: Near-zero gradients at step 1, first chunk. Max grad magnitude: 0.00e+00
⚠️  WARNING: Near-zero gradients at step 1, first chunk. Max grad magnitude: 0.00e+00
⚠️  WARNING: Near-zero gradients at step 1, first chunk. Max grad magnitude: 0.00e+00
⚠️  WARNING: Near-zero gradients at step 1, first chunk. Max grad magnitude: 0.00e+00
⚠️  WARNING: Near-zero gradients at step 1, first chunk. Max grad magnitude: 0.00e+00
⚠️  WARNING: Near-zero gradients at step 1, first chunk. Max grad magnitude: 0.00e+00
⚠️  WARNING: Near-zero gradients at step 1, first chunk. Max grad magnitude: 0.00e+00
⚠️  WARNING: Near-zero gradients at step 1, first chunk. Max grad magnitude: 0.00e+00
⚠️  WARNING: Near-zero gradients at step 1, first chunk. Max grad magnitude: 0.00e+00
⚠️  WARNING: Near-zero gradients at step 1, first chunk. Max grad magnitude: 0.00e+00
⚠️  WARNING: Near-zero gradients at step 1, first chunk. Max grad magnitude: 0.00e+00
⚠️  WARNING: Near-zero gradients at step 1, first chunk. Max grad magnitude: 0.00e+00
shard 0:  23%|██▎       | 38/167 [05:17<17:34,  8.17s/it]⚠️  WARNING: Near-zero gradients at step 1, first chunk. Max grad magnitude: 0.00e+00
⚠️  WARNING: Near-zero gradients at step 1, first chunk. Max grad magnitude: 0.00e+00
⚠️  WARNING: Near-zero gradients at step 1, first chunk. Max grad magnitude: 0.00e+00
⚠️  WARNING: Near-zero gradients at step 1, first chunk. Max grad magnitude: 0.00e+00
⚠️  WARNING: Near-zero gradients at step 1, first chunk. Max grad magnitude: 0.00e+00
⚠️  WARNING: Near-zero gradients at step 1, first chunk. Max grad magnitude: 0.00e+00
⚠️  WARNING: Near-zero gradients at step 1, first chunk. Max grad magnitude: 0.00e+00
⚠️  WARNING: Near-zero gradients at step 1, first chunk. Max grad magnitude: 0.00e+00
⚠️  WARNING: Near-zero gradients at step 1, first chunk. Max grad magnitude: 0.00e+00
⚠️  WARNING: Near-zero gradients at step 1, first chunk. Max grad magnitude: 0.00e+00
⚠️  WARNING: Near-zero gradients at step 1, first chunk. Max grad magnitude: 0.00e+00
⚠️  WARNING: Near-zero gradients at step 1, first chunk. Max grad magnitude: 0.00e+00
⚠️  WARNING: Near-zero gradients at step 3, first chunk. Max grad magnitude: 0.00e+00
⚠️  WARNING: Near-zero gradients at step 3, first chunk. Max grad magnitude: 0.00e+00
⚠️  WARNING: Near-zero gradients at step 3, first chunk. Max grad magnitude: 0.00e+00
⚠️  WARNING: Near-zero gradients at step 3, first chunk. Max grad magnitude: 0.00e+00
⚠️  WARNING: Near-zero gradients at step 3, first chunk. Max grad magnitude: 0.00e+00
⚠️  WARNING: Near-zero gradients at step 3, first chunk. Max grad magnitude: 0.00e+00
⚠️  WARNING: Near-zero gradients at step 3, first chunk. Max grad magnitude: 0.00e+00
⚠️  WARNING: Near-zero gradients at step 3, first chunk. Max grad magnitude: 0.00e+00
⚠️  WARNING: Near-zero gradients at step 3, first chunk. Max grad magnitude: 0.00e+00
⚠️  WARNING: Near-zero gradients at step 3, first chunk. Max grad magnitude: 0.00e+00
⚠️  WARNING: Near-zero gradients at step 3, first chunk. Max grad magnitude: 0.00e+00
⚠️  WARNING: Near-zero gradients at step 3, first chunk. Max grad magnitude: 0.00e+00
⚠️  WARNING: Near-zero gradients at step 5, first chunk. Max grad magnitude: 0.00e+00
⚠️  WARNING: Near-zero gradients at step 5, first chunk. Max grad magnitude: 0.00e+00
⚠️  WARNING: Near-zero gradients at step 5, first chunk. Max grad magnitude: 0.00e+00
⚠️  WARNING: Near-zero gradients at step 5, first chunk. Max grad magnitude: 0.00e+00
⚠️  WARNING: Near-zero gradients at step 5, first chunk. Max grad magnitude: 0.00e+00
⚠️  WARNING: Near-zero gradients at step 5, first chunk. Max grad magnitude: 0.00e+00
⚠️  WARNING: Near-zero gradients at step 5, first chunk. Max grad magnitude: 0.00e+00
⚠️  WARNING: Near-zero gradients at step 5, first chunk. Max grad magnitude: 0.00e+00
⚠️  WARNING: Near-zero gradients at step 5, first chunk. Max grad magnitude: 0.00e+00
⚠️  WARNING: Near-zero gradients at step 5, first chunk. Max grad magnitude: 0.00e+00
⚠️  WARNING: Near-zero gradients at step 5, first chunk. Max grad magnitude: 0.00e+00
⚠️  WARNING: Near-zero gradients at step 5, first chunk. Max grad magnitude: 0.00e+00
shard 0:  23%|██▎       | 39/167 [05:28<18:58,  8.90s/it]⚠️  WARNING: Near-zero gradients at step 1, first chunk. Max grad magnitude: 0.00e+00
⚠️  WARNING: Near-zero gradients at step 1, first chunk. Max grad magnitude: 0.00e+00
⚠️  WARNING: Near-zero gradients at step 1, first chunk. Max grad magnitude: 0.00e+00
⚠️  WARNING: Near-zero gradients at step 1, first chunk. Max grad magnitude: 0.00e+00
⚠️  WARNING: Near-zero gradients at step 1, first chunk. Max grad magnitude: 0.00e+00
⚠️  WARNING: Near-zero gradients at step 1, first chunk. Max grad magnitude: 0.00e+00
⚠️  WARNING: Near-zero gradients at step 1, first chunk. Max grad magnitude: 0.00e+00
⚠️  WARNING: Near-zero gradients at step 1, first chunk. Max grad magnitude: 0.00e+00
⚠️  WARNING: Near-zero gradients at step 1, first chunk. Max grad magnitude: 0.00e+00
⚠️  WARNING: Near-zero gradients at step 1, first chunk. Max grad magnitude: 0.00e+00
⚠️  WARNING: Near-zero gradients at step 1, first chunk. Max grad magnitude: 0.00e+00
⚠️  WARNING: Near-zero gradients at step 1, first chunk. Max grad magnitude: 0.00e+00
shard 0:  24%|██▍       | 40/167 [05:37<18:48,  8.88s/it]⚠️  WARNING: Near-zero gradients at step 1, first chunk. Max grad magnitude: 0.00e+00
⚠️  WARNING: Near-zero gradients at step 1, first chunk. Max grad magnitude: 0.00e+00
⚠️  WARNING: Near-zero gradients at step 1, first chunk. Max grad magnitude: 0.00e+00
⚠️  WARNING: Near-zero gradients at step 1, first chunk. Max grad magnitude: 0.00e+00
⚠️  WARNING: Near-zero gradients at step 1, first chunk. Max grad magnitude: 0.00e+00
⚠️  WARNING: Near-zero gradients at step 1, first chunk. Max grad magnitude: 0.00e+00
⚠️  WARNING: Near-zero gradients at step 1, first chunk. Max grad magnitude: 0.00e+00
⚠️  WARNING: Near-zero gradients at step 1, first chunk. Max grad magnitude: 0.00e+00
⚠️  WARNING: Near-zero gradients at step 1, first chunk. Max grad magnitude: 0.00e+00
⚠️  WARNING: Near-zero gradients at step 1, first chunk. Max grad magnitude: 0.00e+00
⚠️  WARNING: Near-zero gradients at step 1, first chunk. Max grad magnitude: 0.00e+00
⚠️  WARNING: Near-zero gradients at step 1, first chunk. Max grad magnitude: 0.00e+00
shard 0:  25%|██▍       | 41/167 [05:47<19:15,  9.17s/it]⚠️  WARNING: Near-zero gradients at step 1, first chunk. Max grad magnitude: 0.00e+00
⚠️  WARNING: Near-zero gradients at step 1, first chunk. Max grad magnitude: 0.00e+00
⚠️  WARNING: Near-zero gradients at step 1, first chunk. Max grad magnitude: 0.00e+00
⚠️  WARNING: Near-zero gradients at step 1, first chunk. Max grad magnitude: 0.00e+00
⚠️  WARNING: Near-zero gradients at step 1, first chunk. Max grad magnitude: 0.00e+00
⚠️  WARNING: Near-zero gradients at step 1, first chunk. Max grad magnitude: 0.00e+00
⚠️  WARNING: Near-zero gradients at step 1, first chunk. Max grad magnitude: 0.00e+00
⚠️  WARNING: Near-zero gradients at step 1, first chunk. Max grad magnitude: 0.00e+00
⚠️  WARNING: Near-zero gradients at step 1, first chunk. Max grad magnitude: 0.00e+00
⚠️  WARNING: Near-zero gradients at step 1, first chunk. Max grad magnitude: 0.00e+00
⚠️  WARNING: Near-zero gradients at step 1, first chunk. Max grad magnitude: 0.00e+00
⚠️  WARNING: Near-zero gradients at step 1, first chunk. Max grad magnitude: 0.00e+00
⚠️  WARNING: Near-zero gradients at step 3, first chunk. Max grad magnitude: 0.00e+00
⚠️  WARNING: Near-zero gradients at step 3, first chunk. Max grad magnitude: 0.00e+00
⚠️  WARNING: Near-zero gradients at step 3, first chunk. Max grad magnitude: 0.00e+00
⚠️  WARNING: Near-zero gradients at step 3, first chunk. Max grad magnitude: 0.00e+00
⚠️  WARNING: Near-zero gradients at step 3, first chunk. Max grad magnitude: 0.00e+00
⚠️  WARNING: Near-zero gradients at step 3, first chunk. Max grad magnitude: 0.00e+00
⚠️  WARNING: Near-zero gradients at step 3, first chunk. Max grad magnitude: 0.00e+00
⚠️  WARNING: Near-zero gradients at step 3, first chunk. Max grad magnitude: 0.00e+00
⚠️  WARNING: Near-zero gradients at step 3, first chunk. Max grad magnitude: 0.00e+00
⚠️  WARNING: Near-zero gradients at step 3, first chunk. Max grad magnitude: 0.00e+00
⚠️  WARNING: Near-zero gradients at step 3, first chunk. Max grad magnitude: 0.00e+00
⚠️  WARNING: Near-zero gradients at step 3, first chunk. Max grad magnitude: 0.00e+00
⚠️  WARNING: Near-zero gradients at step 5, first chunk. Max grad magnitude: 0.00e+00
⚠️  WARNING: Near-zero gradients at step 5, first chunk. Max grad magnitude: 0.00e+00
⚠️  WARNING: Near-zero gradients at step 5, first chunk. Max grad magnitude: 0.00e+00
⚠️  WARNING: Near-zero gradients at step 5, first chunk. Max grad magnitude: 0.00e+00
⚠️  WARNING: Near-zero gradients at step 5, first chunk. Max grad magnitude: 0.00e+00
⚠️  WARNING: Near-zero gradients at step 5, first chunk. Max grad magnitude: 0.00e+00
⚠️  WARNING: Near-zero gradients at step 5, first chunk. Max grad magnitude: 0.00e+00
⚠️  WARNING: Near-zero gradients at step 5, first chunk. Max grad magnitude: 0.00e+00
⚠️  WARNING: Near-zero gradients at step 5, first chunk. Max grad magnitude: 0.00e+00
⚠️  WARNING: Near-zero gradients at step 5, first chunk. Max grad magnitude: 0.00e+00
⚠️  WARNING: Near-zero gradients at step 5, first chunk. Max grad magnitude: 0.00e+00
⚠️  WARNING: Near-zero gradients at step 5, first chunk. Max grad magnitude: 0.00e+00
shard 0:  25%|██▌       | 42/167 [05:54<18:02,  8.66s/it]⚠️  WARNING: Near-zero gradients at step 1, first chunk. Max grad magnitude: 0.00e+00
⚠️  WARNING: Near-zero gradients at step 1, first chunk. Max grad magnitude: 0.00e+00
⚠️  WARNING: Near-zero gradients at step 1, first chunk. Max grad magnitude: 0.00e+00
⚠️  WARNING: Near-zero gradients at step 1, first chunk. Max grad magnitude: 0.00e+00
⚠️  WARNING: Near-zero gradients at step 1, first chunk. Max grad magnitude: 0.00e+00
⚠️  WARNING: Near-zero gradients at step 1, first chunk. Max grad magnitude: 0.00e+00
⚠️  WARNING: Near-zero gradients at step 1, first chunk. Max grad magnitude: 0.00e+00
⚠️  WARNING: Near-zero gradients at step 1, first chunk. Max grad magnitude: 0.00e+00
⚠️  WARNING: Near-zero gradients at step 1, first chunk. Max grad magnitude: 0.00e+00
⚠️  WARNING: Near-zero gradients at step 1, first chunk. Max grad magnitude: 0.00e+00
⚠️  WARNING: Near-zero gradients at step 1, first chunk. Max grad magnitude: 0.00e+00
⚠️  WARNING: Near-zero gradients at step 1, first chunk. Max grad magnitude: 0.00e+00
shard 0:  26%|██▌       | 43/167 [06:06<19:54,  9.63s/it]⚠️  WARNING: Near-zero gradients at step 1, first chunk. Max grad magnitude: 0.00e+00
⚠️  WARNING: Near-zero gradients at step 1, first chunk. Max grad magnitude: 0.00e+00
⚠️  WARNING: Near-zero gradients at step 1, first chunk. Max grad magnitude: 0.00e+00
⚠️  WARNING: Near-zero gradients at step 1, first chunk. Max grad magnitude: 0.00e+00
⚠️  WARNING: Near-zero gradients at step 1, first chunk. Max grad magnitude: 0.00e+00
⚠️  WARNING: Near-zero gradients at step 1, first chunk. Max grad magnitude: 0.00e+00
⚠️  WARNING: Near-zero gradients at step 1, first chunk. Max grad magnitude: 0.00e+00
⚠️  WARNING: Near-zero gradients at step 1, first chunk. Max grad magnitude: 0.00e+00
⚠️  WARNING: Near-zero gradients at step 1, first chunk. Max grad magnitude: 0.00e+00
⚠️  WARNING: Near-zero gradients at step 1, first chunk. Max grad magnitude: 0.00e+00
⚠️  WARNING: Near-zero gradients at step 1, first chunk. Max grad magnitude: 0.00e+00
⚠️  WARNING: Near-zero gradients at step 1, first chunk. Max grad magnitude: 0.00e+00
shard 0:  26%|██▋       | 44/167 [06:14<18:50,  9.19s/it]shard 0:  27%|██▋       | 45/167 [06:23<18:11,  8.94s/it]⚠️  WARNING: Near-zero gradients at step 1, first chunk. Max grad magnitude: 0.00e+00
⚠️  WARNING: Near-zero gradients at step 1, first chunk. Max grad magnitude: 0.00e+00
⚠️  WARNING: Near-zero gradients at step 1, first chunk. Max grad magnitude: 0.00e+00
⚠️  WARNING: Near-zero gradients at step 1, first chunk. Max grad magnitude: 0.00e+00
⚠️  WARNING: Near-zero gradients at step 1, first chunk. Max grad magnitude: 0.00e+00
⚠️  WARNING: Near-zero gradients at step 1, first chunk. Max grad magnitude: 0.00e+00
⚠️  WARNING: Near-zero gradients at step 1, first chunk. Max grad magnitude: 0.00e+00
⚠️  WARNING: Near-zero gradients at step 1, first chunk. Max grad magnitude: 0.00e+00
⚠️  WARNING: Near-zero gradients at step 1, first chunk. Max grad magnitude: 0.00e+00
⚠️  WARNING: Near-zero gradients at step 1, first chunk. Max grad magnitude: 0.00e+00
⚠️  WARNING: Near-zero gradients at step 1, first chunk. Max grad magnitude: 0.00e+00
⚠️  WARNING: Near-zero gradients at step 1, first chunk. Max grad magnitude: 0.00e+00
⚠️  WARNING: Near-zero gradients at step 3, first chunk. Max grad magnitude: 0.00e+00
⚠️  WARNING: Near-zero gradients at step 3, first chunk. Max grad magnitude: 0.00e+00
⚠️  WARNING: Near-zero gradients at step 3, first chunk. Max grad magnitude: 0.00e+00
⚠️  WARNING: Near-zero gradients at step 3, first chunk. Max grad magnitude: 0.00e+00
⚠️  WARNING: Near-zero gradients at step 3, first chunk. Max grad magnitude: 0.00e+00
⚠️  WARNING: Near-zero gradients at step 3, first chunk. Max grad magnitude: 0.00e+00
⚠️  WARNING: Near-zero gradients at step 3, first chunk. Max grad magnitude: 0.00e+00
⚠️  WARNING: Near-zero gradients at step 3, first chunk. Max grad magnitude: 0.00e+00
⚠️  WARNING: Near-zero gradients at step 3, first chunk. Max grad magnitude: 0.00e+00
⚠️  WARNING: Near-zero gradients at step 3, first chunk. Max grad magnitude: 0.00e+00
⚠️  WARNING: Near-zero gradients at step 3, first chunk. Max grad magnitude: 0.00e+00
⚠️  WARNING: Near-zero gradients at step 3, first chunk. Max grad magnitude: 0.00e+00
⚠️  WARNING: Near-zero gradients at step 5, first chunk. Max grad magnitude: 0.00e+00
⚠️  WARNING: Near-zero gradients at step 5, first chunk. Max grad magnitude: 0.00e+00
⚠️  WARNING: Near-zero gradients at step 5, first chunk. Max grad magnitude: 0.00e+00
⚠️  WARNING: Near-zero gradients at step 5, first chunk. Max grad magnitude: 0.00e+00
⚠️  WARNING: Near-zero gradients at step 5, first chunk. Max grad magnitude: 0.00e+00
⚠️  WARNING: Near-zero gradients at step 5, first chunk. Max grad magnitude: 0.00e+00
⚠️  WARNING: Near-zero gradients at step 5, first chunk. Max grad magnitude: 0.00e+00
⚠️  WARNING: Near-zero gradients at step 5, first chunk. Max grad magnitude: 0.00e+00
⚠️  WARNING: Near-zero gradients at step 5, first chunk. Max grad magnitude: 0.00e+00
⚠️  WARNING: Near-zero gradients at step 5, first chunk. Max grad magnitude: 0.00e+00
⚠️  WARNING: Near-zero gradients at step 5, first chunk. Max grad magnitude: 0.00e+00
⚠️  WARNING: Near-zero gradients at step 5, first chunk. Max grad magnitude: 0.00e+00
shard 0:  28%|██▊       | 46/167 [06:31<17:54,  8.88s/it]⚠️  WARNING: Near-zero gradients at step 1, first chunk. Max grad magnitude: 0.00e+00
⚠️  WARNING: Near-zero gradients at step 1, first chunk. Max grad magnitude: 0.00e+00
⚠️  WARNING: Near-zero gradients at step 1, first chunk. Max grad magnitude: 0.00e+00
⚠️  WARNING: Near-zero gradients at step 1, first chunk. Max grad magnitude: 0.00e+00
⚠️  WARNING: Near-zero gradients at step 1, first chunk. Max grad magnitude: 0.00e+00
⚠️  WARNING: Near-zero gradients at step 1, first chunk. Max grad magnitude: 0.00e+00
⚠️  WARNING: Near-zero gradients at step 1, first chunk. Max grad magnitude: 0.00e+00
⚠️  WARNING: Near-zero gradients at step 1, first chunk. Max grad magnitude: 0.00e+00
⚠️  WARNING: Near-zero gradients at step 1, first chunk. Max grad magnitude: 0.00e+00
⚠️  WARNING: Near-zero gradients at step 1, first chunk. Max grad magnitude: 0.00e+00
⚠️  WARNING: Near-zero gradients at step 1, first chunk. Max grad magnitude: 0.00e+00
⚠️  WARNING: Near-zero gradients at step 1, first chunk. Max grad magnitude: 0.00e+00
⚠️  WARNING: Near-zero gradients at step 3, first chunk. Max grad magnitude: 0.00e+00
⚠️  WARNING: Near-zero gradients at step 3, first chunk. Max grad magnitude: 0.00e+00
⚠️  WARNING: Near-zero gradients at step 3, first chunk. Max grad magnitude: 0.00e+00
⚠️  WARNING: Near-zero gradients at step 3, first chunk. Max grad magnitude: 0.00e+00
⚠️  WARNING: Near-zero gradients at step 3, first chunk. Max grad magnitude: 0.00e+00
⚠️  WARNING: Near-zero gradients at step 3, first chunk. Max grad magnitude: 0.00e+00
⚠️  WARNING: Near-zero gradients at step 3, first chunk. Max grad magnitude: 0.00e+00
⚠️  WARNING: Near-zero gradients at step 3, first chunk. Max grad magnitude: 0.00e+00
⚠️  WARNING: Near-zero gradients at step 3, first chunk. Max grad magnitude: 0.00e+00
⚠️  WARNING: Near-zero gradients at step 3, first chunk. Max grad magnitude: 0.00e+00
⚠️  WARNING: Near-zero gradients at step 3, first chunk. Max grad magnitude: 0.00e+00
⚠️  WARNING: Near-zero gradients at step 3, first chunk. Max grad magnitude: 0.00e+00
shard 0:  28%|██▊       | 47/167 [06:40<17:23,  8.70s/it]shard 0:  29%|██▊       | 48/167 [06:49<17:27,  8.80s/it]⚠️  WARNING: Near-zero gradients at step 1, first chunk. Max grad magnitude: 0.00e+00
⚠️  WARNING: Near-zero gradients at step 1, first chunk. Max grad magnitude: 0.00e+00
⚠️  WARNING: Near-zero gradients at step 1, first chunk. Max grad magnitude: 0.00e+00
⚠️  WARNING: Near-zero gradients at step 1, first chunk. Max grad magnitude: 0.00e+00
⚠️  WARNING: Near-zero gradients at step 1, first chunk. Max grad magnitude: 0.00e+00
⚠️  WARNING: Near-zero gradients at step 1, first chunk. Max grad magnitude: 0.00e+00
⚠️  WARNING: Near-zero gradients at step 1, first chunk. Max grad magnitude: 0.00e+00
⚠️  WARNING: Near-zero gradients at step 1, first chunk. Max grad magnitude: 0.00e+00
⚠️  WARNING: Near-zero gradients at step 1, first chunk. Max grad magnitude: 0.00e+00
⚠️  WARNING: Near-zero gradients at step 1, first chunk. Max grad magnitude: 0.00e+00
⚠️  WARNING: Near-zero gradients at step 1, first chunk. Max grad magnitude: 0.00e+00
⚠️  WARNING: Near-zero gradients at step 1, first chunk. Max grad magnitude: 0.00e+00
shard 0:  29%|██▉       | 49/167 [06:58<17:53,  9.10s/it]⚠️  WARNING: Near-zero gradients at step 1, first chunk. Max grad magnitude: 0.00e+00
⚠️  WARNING: Near-zero gradients at step 1, first chunk. Max grad magnitude: 0.00e+00
⚠️  WARNING: Near-zero gradients at step 1, first chunk. Max grad magnitude: 0.00e+00
⚠️  WARNING: Near-zero gradients at step 1, first chunk. Max grad magnitude: 0.00e+00
⚠️  WARNING: Near-zero gradients at step 1, first chunk. Max grad magnitude: 0.00e+00
⚠️  WARNING: Near-zero gradients at step 1, first chunk. Max grad magnitude: 0.00e+00
⚠️  WARNING: Near-zero gradients at step 1, first chunk. Max grad magnitude: 0.00e+00
⚠️  WARNING: Near-zero gradients at step 1, first chunk. Max grad magnitude: 0.00e+00
⚠️  WARNING: Near-zero gradients at step 1, first chunk. Max grad magnitude: 0.00e+00
⚠️  WARNING: Near-zero gradients at step 1, first chunk. Max grad magnitude: 0.00e+00
⚠️  WARNING: Near-zero gradients at step 1, first chunk. Max grad magnitude: 0.00e+00
⚠️  WARNING: Near-zero gradients at step 1, first chunk. Max grad magnitude: 0.00e+00
shard 0:  30%|██▉       | 50/167 [07:06<16:55,  8.68s/it]⚠️  WARNING: Near-zero gradients at step 1, first chunk. Max grad magnitude: 0.00e+00
⚠️  WARNING: Near-zero gradients at step 1, first chunk. Max grad magnitude: 0.00e+00
⚠️  WARNING: Near-zero gradients at step 1, first chunk. Max grad magnitude: 0.00e+00
⚠️  WARNING: Near-zero gradients at step 1, first chunk. Max grad magnitude: 0.00e+00
⚠️  WARNING: Near-zero gradients at step 1, first chunk. Max grad magnitude: 0.00e+00
⚠️  WARNING: Near-zero gradients at step 1, first chunk. Max grad magnitude: 0.00e+00
⚠️  WARNING: Near-zero gradients at step 1, first chunk. Max grad magnitude: 0.00e+00
⚠️  WARNING: Near-zero gradients at step 1, first chunk. Max grad magnitude: 0.00e+00
⚠️  WARNING: Near-zero gradients at step 1, first chunk. Max grad magnitude: 0.00e+00
⚠️  WARNING: Near-zero gradients at step 1, first chunk. Max grad magnitude: 0.00e+00
⚠️  WARNING: Near-zero gradients at step 1, first chunk. Max grad magnitude: 0.00e+00
⚠️  WARNING: Near-zero gradients at step 1, first chunk. Max grad magnitude: 0.00e+00
shard 0:  31%|███       | 51/167 [07:16<17:27,  9.03s/it]⚠️  WARNING: Near-zero gradients at step 1, first chunk. Max grad magnitude: 0.00e+00
⚠️  WARNING: Near-zero gradients at step 1, first chunk. Max grad magnitude: 0.00e+00
⚠️  WARNING: Near-zero gradients at step 1, first chunk. Max grad magnitude: 0.00e+00
⚠️  WARNING: Near-zero gradients at step 1, first chunk. Max grad magnitude: 0.00e+00
⚠️  WARNING: Near-zero gradients at step 1, first chunk. Max grad magnitude: 0.00e+00
⚠️  WARNING: Near-zero gradients at step 1, first chunk. Max grad magnitude: 0.00e+00
⚠️  WARNING: Near-zero gradients at step 1, first chunk. Max grad magnitude: 0.00e+00
⚠️  WARNING: Near-zero gradients at step 1, first chunk. Max grad magnitude: 0.00e+00
⚠️  WARNING: Near-zero gradients at step 1, first chunk. Max grad magnitude: 0.00e+00
⚠️  WARNING: Near-zero gradients at step 1, first chunk. Max grad magnitude: 0.00e+00
⚠️  WARNING: Near-zero gradients at step 1, first chunk. Max grad magnitude: 0.00e+00
⚠️  WARNING: Near-zero gradients at step 1, first chunk. Max grad magnitude: 0.00e+00
shard 0:  31%|███       | 52/167 [07:24<16:49,  8.78s/it]⚠️  WARNING: Near-zero gradients at step 1, first chunk. Max grad magnitude: 0.00e+00
⚠️  WARNING: Near-zero gradients at step 1, first chunk. Max grad magnitude: 0.00e+00
⚠️  WARNING: Near-zero gradients at step 1, first chunk. Max grad magnitude: 0.00e+00
⚠️  WARNING: Near-zero gradients at step 1, first chunk. Max grad magnitude: 0.00e+00
⚠️  WARNING: Near-zero gradients at step 1, first chunk. Max grad magnitude: 0.00e+00
⚠️  WARNING: Near-zero gradients at step 1, first chunk. Max grad magnitude: 0.00e+00
⚠️  WARNING: Near-zero gradients at step 1, first chunk. Max grad magnitude: 0.00e+00
⚠️  WARNING: Near-zero gradients at step 1, first chunk. Max grad magnitude: 0.00e+00
⚠️  WARNING: Near-zero gradients at step 1, first chunk. Max grad magnitude: 0.00e+00
⚠️  WARNING: Near-zero gradients at step 1, first chunk. Max grad magnitude: 0.00e+00
⚠️  WARNING: Near-zero gradients at step 1, first chunk. Max grad magnitude: 0.00e+00
⚠️  WARNING: Near-zero gradients at step 1, first chunk. Max grad magnitude: 0.00e+00
shard 0:  32%|███▏      | 53/167 [07:33<16:50,  8.86s/it]⚠️  WARNING: Near-zero gradients at step 1, first chunk. Max grad magnitude: 0.00e+00
⚠️  WARNING: Near-zero gradients at step 1, first chunk. Max grad magnitude: 0.00e+00
⚠️  WARNING: Near-zero gradients at step 1, first chunk. Max grad magnitude: 0.00e+00
⚠️  WARNING: Near-zero gradients at step 1, first chunk. Max grad magnitude: 0.00e+00
⚠️  WARNING: Near-zero gradients at step 1, first chunk. Max grad magnitude: 0.00e+00
⚠️  WARNING: Near-zero gradients at step 1, first chunk. Max grad magnitude: 0.00e+00
⚠️  WARNING: Near-zero gradients at step 1, first chunk. Max grad magnitude: 0.00e+00
⚠️  WARNING: Near-zero gradients at step 1, first chunk. Max grad magnitude: 0.00e+00
⚠️  WARNING: Near-zero gradients at step 1, first chunk. Max grad magnitude: 0.00e+00
⚠️  WARNING: Near-zero gradients at step 1, first chunk. Max grad magnitude: 0.00e+00
⚠️  WARNING: Near-zero gradients at step 1, first chunk. Max grad magnitude: 0.00e+00
⚠️  WARNING: Near-zero gradients at step 1, first chunk. Max grad magnitude: 0.00e+00
⚠️  WARNING: Near-zero gradients at step 3, first chunk. Max grad magnitude: 0.00e+00
⚠️  WARNING: Near-zero gradients at step 3, first chunk. Max grad magnitude: 0.00e+00
⚠️  WARNING: Near-zero gradients at step 3, first chunk. Max grad magnitude: 0.00e+00
⚠️  WARNING: Near-zero gradients at step 3, first chunk. Max grad magnitude: 0.00e+00
⚠️  WARNING: Near-zero gradients at step 3, first chunk. Max grad magnitude: 0.00e+00
⚠️  WARNING: Near-zero gradients at step 3, first chunk. Max grad magnitude: 0.00e+00
⚠️  WARNING: Near-zero gradients at step 3, first chunk. Max grad magnitude: 0.00e+00
⚠️  WARNING: Near-zero gradients at step 3, first chunk. Max grad magnitude: 0.00e+00
⚠️  WARNING: Near-zero gradients at step 3, first chunk. Max grad magnitude: 0.00e+00
⚠️  WARNING: Near-zero gradients at step 3, first chunk. Max grad magnitude: 0.00e+00
⚠️  WARNING: Near-zero gradients at step 3, first chunk. Max grad magnitude: 0.00e+00
⚠️  WARNING: Near-zero gradients at step 3, first chunk. Max grad magnitude: 0.00e+00
shard 0:  32%|███▏      | 54/167 [07:41<15:56,  8.46s/it]⚠️  WARNING: Near-zero gradients at step 1, first chunk. Max grad magnitude: 0.00e+00
⚠️  WARNING: Near-zero gradients at step 1, first chunk. Max grad magnitude: 0.00e+00
⚠️  WARNING: Near-zero gradients at step 1, first chunk. Max grad magnitude: 0.00e+00
⚠️  WARNING: Near-zero gradients at step 1, first chunk. Max grad magnitude: 0.00e+00
⚠️  WARNING: Near-zero gradients at step 1, first chunk. Max grad magnitude: 0.00e+00
⚠️  WARNING: Near-zero gradients at step 1, first chunk. Max grad magnitude: 0.00e+00
⚠️  WARNING: Near-zero gradients at step 1, first chunk. Max grad magnitude: 0.00e+00
⚠️  WARNING: Near-zero gradients at step 1, first chunk. Max grad magnitude: 0.00e+00
⚠️  WARNING: Near-zero gradients at step 1, first chunk. Max grad magnitude: 0.00e+00
⚠️  WARNING: Near-zero gradients at step 1, first chunk. Max grad magnitude: 0.00e+00
⚠️  WARNING: Near-zero gradients at step 1, first chunk. Max grad magnitude: 0.00e+00
⚠️  WARNING: Near-zero gradients at step 1, first chunk. Max grad magnitude: 0.00e+00
shard 0:  33%|███▎      | 55/167 [07:49<15:33,  8.33s/it]⚠️  WARNING: Near-zero gradients at step 1, first chunk. Max grad magnitude: 0.00e+00
⚠️  WARNING: Near-zero gradients at step 1, first chunk. Max grad magnitude: 0.00e+00
⚠️  WARNING: Near-zero gradients at step 1, first chunk. Max grad magnitude: 0.00e+00
⚠️  WARNING: Near-zero gradients at step 1, first chunk. Max grad magnitude: 0.00e+00
⚠️  WARNING: Near-zero gradients at step 1, first chunk. Max grad magnitude: 0.00e+00
⚠️  WARNING: Near-zero gradients at step 1, first chunk. Max grad magnitude: 0.00e+00
⚠️  WARNING: Near-zero gradients at step 1, first chunk. Max grad magnitude: 0.00e+00
⚠️  WARNING: Near-zero gradients at step 1, first chunk. Max grad magnitude: 0.00e+00
⚠️  WARNING: Near-zero gradients at step 1, first chunk. Max grad magnitude: 0.00e+00
⚠️  WARNING: Near-zero gradients at step 1, first chunk. Max grad magnitude: 0.00e+00
⚠️  WARNING: Near-zero gradients at step 1, first chunk. Max grad magnitude: 0.00e+00
⚠️  WARNING: Near-zero gradients at step 1, first chunk. Max grad magnitude: 0.00e+00
⚠️  WARNING: Near-zero gradients at step 3, first chunk. Max grad magnitude: 0.00e+00
⚠️  WARNING: Near-zero gradients at step 3, first chunk. Max grad magnitude: 0.00e+00
⚠️  WARNING: Near-zero gradients at step 3, first chunk. Max grad magnitude: 0.00e+00
⚠️  WARNING: Near-zero gradients at step 3, first chunk. Max grad magnitude: 0.00e+00
⚠️  WARNING: Near-zero gradients at step 3, first chunk. Max grad magnitude: 0.00e+00
⚠️  WARNING: Near-zero gradients at step 3, first chunk. Max grad magnitude: 0.00e+00
⚠️  WARNING: Near-zero gradients at step 3, first chunk. Max grad magnitude: 0.00e+00
⚠️  WARNING: Near-zero gradients at step 3, first chunk. Max grad magnitude: 0.00e+00
⚠️  WARNING: Near-zero gradients at step 3, first chunk. Max grad magnitude: 0.00e+00
⚠️  WARNING: Near-zero gradients at step 3, first chunk. Max grad magnitude: 0.00e+00
⚠️  WARNING: Near-zero gradients at step 3, first chunk. Max grad magnitude: 0.00e+00
⚠️  WARNING: Near-zero gradients at step 3, first chunk. Max grad magnitude: 0.00e+00
⚠️  WARNING: Near-zero gradients at step 5, first chunk. Max grad magnitude: 0.00e+00
⚠️  WARNING: Near-zero gradients at step 5, first chunk. Max grad magnitude: 0.00e+00
⚠️  WARNING: Near-zero gradients at step 5, first chunk. Max grad magnitude: 0.00e+00
⚠️  WARNING: Near-zero gradients at step 5, first chunk. Max grad magnitude: 0.00e+00
⚠️  WARNING: Near-zero gradients at step 5, first chunk. Max grad magnitude: 0.00e+00
⚠️  WARNING: Near-zero gradients at step 5, first chunk. Max grad magnitude: 0.00e+00
⚠️  WARNING: Near-zero gradients at step 5, first chunk. Max grad magnitude: 0.00e+00
⚠️  WARNING: Near-zero gradients at step 5, first chunk. Max grad magnitude: 0.00e+00
⚠️  WARNING: Near-zero gradients at step 5, first chunk. Max grad magnitude: 0.00e+00
⚠️  WARNING: Near-zero gradients at step 5, first chunk. Max grad magnitude: 0.00e+00
⚠️  WARNING: Near-zero gradients at step 5, first chunk. Max grad magnitude: 0.00e+00
⚠️  WARNING: Near-zero gradients at step 5, first chunk. Max grad magnitude: 0.00e+00
shard 0:  34%|███▎      | 56/167 [07:58<15:43,  8.50s/it]⚠️  WARNING: Near-zero gradients at step 1, first chunk. Max grad magnitude: 0.00e+00
⚠️  WARNING: Near-zero gradients at step 1, first chunk. Max grad magnitude: 0.00e+00
⚠️  WARNING: Near-zero gradients at step 1, first chunk. Max grad magnitude: 0.00e+00
⚠️  WARNING: Near-zero gradients at step 1, first chunk. Max grad magnitude: 0.00e+00
⚠️  WARNING: Near-zero gradients at step 1, first chunk. Max grad magnitude: 0.00e+00
⚠️  WARNING: Near-zero gradients at step 1, first chunk. Max grad magnitude: 0.00e+00
⚠️  WARNING: Near-zero gradients at step 1, first chunk. Max grad magnitude: 0.00e+00
⚠️  WARNING: Near-zero gradients at step 1, first chunk. Max grad magnitude: 0.00e+00
⚠️  WARNING: Near-zero gradients at step 1, first chunk. Max grad magnitude: 0.00e+00
⚠️  WARNING: Near-zero gradients at step 1, first chunk. Max grad magnitude: 0.00e+00
⚠️  WARNING: Near-zero gradients at step 1, first chunk. Max grad magnitude: 0.00e+00
⚠️  WARNING: Near-zero gradients at step 1, first chunk. Max grad magnitude: 0.00e+00
⚠️  WARNING: Near-zero gradients at step 3, first chunk. Max grad magnitude: 0.00e+00
⚠️  WARNING: Near-zero gradients at step 3, first chunk. Max grad magnitude: 0.00e+00
⚠️  WARNING: Near-zero gradients at step 3, first chunk. Max grad magnitude: 0.00e+00
⚠️  WARNING: Near-zero gradients at step 3, first chunk. Max grad magnitude: 0.00e+00
⚠️  WARNING: Near-zero gradients at step 3, first chunk. Max grad magnitude: 0.00e+00
⚠️  WARNING: Near-zero gradients at step 3, first chunk. Max grad magnitude: 0.00e+00
⚠️  WARNING: Near-zero gradients at step 3, first chunk. Max grad magnitude: 0.00e+00
⚠️  WARNING: Near-zero gradients at step 3, first chunk. Max grad magnitude: 0.00e+00
⚠️  WARNING: Near-zero gradients at step 3, first chunk. Max grad magnitude: 0.00e+00
⚠️  WARNING: Near-zero gradients at step 3, first chunk. Max grad magnitude: 0.00e+00
⚠️  WARNING: Near-zero gradients at step 3, first chunk. Max grad magnitude: 0.00e+00
⚠️  WARNING: Near-zero gradients at step 3, first chunk. Max grad magnitude: 0.00e+00
shard 0:  34%|███▍      | 57/167 [08:06<15:24,  8.41s/it]⚠️  WARNING: Near-zero gradients at step 1, first chunk. Max grad magnitude: 0.00e+00
⚠️  WARNING: Near-zero gradients at step 1, first chunk. Max grad magnitude: 0.00e+00
⚠️  WARNING: Near-zero gradients at step 1, first chunk. Max grad magnitude: 0.00e+00
⚠️  WARNING: Near-zero gradients at step 1, first chunk. Max grad magnitude: 0.00e+00
⚠️  WARNING: Near-zero gradients at step 1, first chunk. Max grad magnitude: 0.00e+00
⚠️  WARNING: Near-zero gradients at step 1, first chunk. Max grad magnitude: 0.00e+00
⚠️  WARNING: Near-zero gradients at step 1, first chunk. Max grad magnitude: 0.00e+00
⚠️  WARNING: Near-zero gradients at step 1, first chunk. Max grad magnitude: 0.00e+00
⚠️  WARNING: Near-zero gradients at step 1, first chunk. Max grad magnitude: 0.00e+00
⚠️  WARNING: Near-zero gradients at step 1, first chunk. Max grad magnitude: 0.00e+00
⚠️  WARNING: Near-zero gradients at step 1, first chunk. Max grad magnitude: 0.00e+00
⚠️  WARNING: Near-zero gradients at step 1, first chunk. Max grad magnitude: 0.00e+00
⚠️  WARNING: Near-zero gradients at step 3, first chunk. Max grad magnitude: 0.00e+00
⚠️  WARNING: Near-zero gradients at step 3, first chunk. Max grad magnitude: 0.00e+00
⚠️  WARNING: Near-zero gradients at step 3, first chunk. Max grad magnitude: 0.00e+00
⚠️  WARNING: Near-zero gradients at step 3, first chunk. Max grad magnitude: 0.00e+00
⚠️  WARNING: Near-zero gradients at step 3, first chunk. Max grad magnitude: 0.00e+00
⚠️  WARNING: Near-zero gradients at step 3, first chunk. Max grad magnitude: 0.00e+00
⚠️  WARNING: Near-zero gradients at step 3, first chunk. Max grad magnitude: 0.00e+00
⚠️  WARNING: Near-zero gradients at step 3, first chunk. Max grad magnitude: 0.00e+00
⚠️  WARNING: Near-zero gradients at step 3, first chunk. Max grad magnitude: 0.00e+00
⚠️  WARNING: Near-zero gradients at step 3, first chunk. Max grad magnitude: 0.00e+00
⚠️  WARNING: Near-zero gradients at step 3, first chunk. Max grad magnitude: 0.00e+00
⚠️  WARNING: Near-zero gradients at step 3, first chunk. Max grad magnitude: 0.00e+00
shard 0:  35%|███▍      | 58/167 [08:15<15:35,  8.58s/it]⚠️  WARNING: Near-zero gradients at step 1, first chunk. Max grad magnitude: 0.00e+00
⚠️  WARNING: Near-zero gradients at step 1, first chunk. Max grad magnitude: 0.00e+00
⚠️  WARNING: Near-zero gradients at step 1, first chunk. Max grad magnitude: 0.00e+00
⚠️  WARNING: Near-zero gradients at step 1, first chunk. Max grad magnitude: 0.00e+00
⚠️  WARNING: Near-zero gradients at step 1, first chunk. Max grad magnitude: 0.00e+00
⚠️  WARNING: Near-zero gradients at step 1, first chunk. Max grad magnitude: 0.00e+00
⚠️  WARNING: Near-zero gradients at step 1, first chunk. Max grad magnitude: 0.00e+00
⚠️  WARNING: Near-zero gradients at step 1, first chunk. Max grad magnitude: 0.00e+00
⚠️  WARNING: Near-zero gradients at step 1, first chunk. Max grad magnitude: 0.00e+00
⚠️  WARNING: Near-zero gradients at step 1, first chunk. Max grad magnitude: 0.00e+00
⚠️  WARNING: Near-zero gradients at step 1, first chunk. Max grad magnitude: 0.00e+00
⚠️  WARNING: Near-zero gradients at step 1, first chunk. Max grad magnitude: 0.00e+00
shard 0:  35%|███▌      | 59/167 [08:22<14:49,  8.23s/it]⚠️  WARNING: Near-zero gradients at step 1, first chunk. Max grad magnitude: 0.00e+00
⚠️  WARNING: Near-zero gradients at step 1, first chunk. Max grad magnitude: 0.00e+00
⚠️  WARNING: Near-zero gradients at step 1, first chunk. Max grad magnitude: 0.00e+00
⚠️  WARNING: Near-zero gradients at step 1, first chunk. Max grad magnitude: 0.00e+00
⚠️  WARNING: Near-zero gradients at step 1, first chunk. Max grad magnitude: 0.00e+00
⚠️  WARNING: Near-zero gradients at step 1, first chunk. Max grad magnitude: 0.00e+00
⚠️  WARNING: Near-zero gradients at step 1, first chunk. Max grad magnitude: 0.00e+00
⚠️  WARNING: Near-zero gradients at step 1, first chunk. Max grad magnitude: 0.00e+00
⚠️  WARNING: Near-zero gradients at step 1, first chunk. Max grad magnitude: 0.00e+00
⚠️  WARNING: Near-zero gradients at step 1, first chunk. Max grad magnitude: 0.00e+00
⚠️  WARNING: Near-zero gradients at step 1, first chunk. Max grad magnitude: 0.00e+00
⚠️  WARNING: Near-zero gradients at step 1, first chunk. Max grad magnitude: 0.00e+00
⚠️  WARNING: Near-zero gradients at step 3, first chunk. Max grad magnitude: 0.00e+00
⚠️  WARNING: Near-zero gradients at step 3, first chunk. Max grad magnitude: 0.00e+00
⚠️  WARNING: Near-zero gradients at step 3, first chunk. Max grad magnitude: 0.00e+00
⚠️  WARNING: Near-zero gradients at step 3, first chunk. Max grad magnitude: 0.00e+00
⚠️  WARNING: Near-zero gradients at step 3, first chunk. Max grad magnitude: 0.00e+00
⚠️  WARNING: Near-zero gradients at step 3, first chunk. Max grad magnitude: 0.00e+00
⚠️  WARNING: Near-zero gradients at step 3, first chunk. Max grad magnitude: 0.00e+00
⚠️  WARNING: Near-zero gradients at step 3, first chunk. Max grad magnitude: 0.00e+00
⚠️  WARNING: Near-zero gradients at step 3, first chunk. Max grad magnitude: 0.00e+00
⚠️  WARNING: Near-zero gradients at step 3, first chunk. Max grad magnitude: 0.00e+00
⚠️  WARNING: Near-zero gradients at step 3, first chunk. Max grad magnitude: 0.00e+00
⚠️  WARNING: Near-zero gradients at step 3, first chunk. Max grad magnitude: 0.00e+00
shard 0:  36%|███▌      | 60/167 [08:31<15:02,  8.44s/it]shard 0:  37%|███▋      | 61/167 [08:39<14:25,  8.16s/it]⚠️  WARNING: Near-zero gradients at step 1, first chunk. Max grad magnitude: 0.00e+00
⚠️  WARNING: Near-zero gradients at step 1, first chunk. Max grad magnitude: 0.00e+00
⚠️  WARNING: Near-zero gradients at step 1, first chunk. Max grad magnitude: 0.00e+00
⚠️  WARNING: Near-zero gradients at step 1, first chunk. Max grad magnitude: 0.00e+00
⚠️  WARNING: Near-zero gradients at step 1, first chunk. Max grad magnitude: 0.00e+00
⚠️  WARNING: Near-zero gradients at step 1, first chunk. Max grad magnitude: 0.00e+00
⚠️  WARNING: Near-zero gradients at step 1, first chunk. Max grad magnitude: 0.00e+00
⚠️  WARNING: Near-zero gradients at step 1, first chunk. Max grad magnitude: 0.00e+00
⚠️  WARNING: Near-zero gradients at step 1, first chunk. Max grad magnitude: 0.00e+00
⚠️  WARNING: Near-zero gradients at step 1, first chunk. Max grad magnitude: 0.00e+00
⚠️  WARNING: Near-zero gradients at step 1, first chunk. Max grad magnitude: 0.00e+00
⚠️  WARNING: Near-zero gradients at step 1, first chunk. Max grad magnitude: 0.00e+00
⚠️  WARNING: Near-zero gradients at step 3, first chunk. Max grad magnitude: 0.00e+00
⚠️  WARNING: Near-zero gradients at step 3, first chunk. Max grad magnitude: 0.00e+00
⚠️  WARNING: Near-zero gradients at step 3, first chunk. Max grad magnitude: 0.00e+00
⚠️  WARNING: Near-zero gradients at step 3, first chunk. Max grad magnitude: 0.00e+00
⚠️  WARNING: Near-zero gradients at step 3, first chunk. Max grad magnitude: 0.00e+00
⚠️  WARNING: Near-zero gradients at step 3, first chunk. Max grad magnitude: 0.00e+00
⚠️  WARNING: Near-zero gradients at step 3, first chunk. Max grad magnitude: 0.00e+00
⚠️  WARNING: Near-zero gradients at step 3, first chunk. Max grad magnitude: 0.00e+00
⚠️  WARNING: Near-zero gradients at step 3, first chunk. Max grad magnitude: 0.00e+00
⚠️  WARNING: Near-zero gradients at step 3, first chunk. Max grad magnitude: 0.00e+00
⚠️  WARNING: Near-zero gradients at step 3, first chunk. Max grad magnitude: 0.00e+00
⚠️  WARNING: Near-zero gradients at step 3, first chunk. Max grad magnitude: 0.00e+00
shard 0:  37%|███▋      | 62/167 [08:49<15:11,  8.68s/it]⚠️  WARNING: Near-zero gradients at step 1, first chunk. Max grad magnitude: 0.00e+00
⚠️  WARNING: Near-zero gradients at step 1, first chunk. Max grad magnitude: 0.00e+00
⚠️  WARNING: Near-zero gradients at step 1, first chunk. Max grad magnitude: 0.00e+00
⚠️  WARNING: Near-zero gradients at step 1, first chunk. Max grad magnitude: 0.00e+00
⚠️  WARNING: Near-zero gradients at step 1, first chunk. Max grad magnitude: 0.00e+00
⚠️  WARNING: Near-zero gradients at step 1, first chunk. Max grad magnitude: 0.00e+00
⚠️  WARNING: Near-zero gradients at step 1, first chunk. Max grad magnitude: 0.00e+00
⚠️  WARNING: Near-zero gradients at step 1, first chunk. Max grad magnitude: 0.00e+00
⚠️  WARNING: Near-zero gradients at step 1, first chunk. Max grad magnitude: 0.00e+00
⚠️  WARNING: Near-zero gradients at step 1, first chunk. Max grad magnitude: 0.00e+00
⚠️  WARNING: Near-zero gradients at step 1, first chunk. Max grad magnitude: 0.00e+00
⚠️  WARNING: Near-zero gradients at step 1, first chunk. Max grad magnitude: 0.00e+00
shard 0:  38%|███▊      | 63/167 [08:57<14:46,  8.53s/it]⚠️  WARNING: Near-zero gradients at step 1, first chunk. Max grad magnitude: 0.00e+00
⚠️  WARNING: Near-zero gradients at step 1, first chunk. Max grad magnitude: 0.00e+00
⚠️  WARNING: Near-zero gradients at step 1, first chunk. Max grad magnitude: 0.00e+00
⚠️  WARNING: Near-zero gradients at step 1, first chunk. Max grad magnitude: 0.00e+00
⚠️  WARNING: Near-zero gradients at step 1, first chunk. Max grad magnitude: 0.00e+00
⚠️  WARNING: Near-zero gradients at step 1, first chunk. Max grad magnitude: 0.00e+00
⚠️  WARNING: Near-zero gradients at step 1, first chunk. Max grad magnitude: 0.00e+00
⚠️  WARNING: Near-zero gradients at step 1, first chunk. Max grad magnitude: 0.00e+00
⚠️  WARNING: Near-zero gradients at step 1, first chunk. Max grad magnitude: 0.00e+00
⚠️  WARNING: Near-zero gradients at step 1, first chunk. Max grad magnitude: 0.00e+00
⚠️  WARNING: Near-zero gradients at step 1, first chunk. Max grad magnitude: 0.00e+00
⚠️  WARNING: Near-zero gradients at step 1, first chunk. Max grad magnitude: 0.00e+00
⚠️  WARNING: Near-zero gradients at step 3, first chunk. Max grad magnitude: 0.00e+00
⚠️  WARNING: Near-zero gradients at step 3, first chunk. Max grad magnitude: 0.00e+00
⚠️  WARNING: Near-zero gradients at step 3, first chunk. Max grad magnitude: 0.00e+00
⚠️  WARNING: Near-zero gradients at step 3, first chunk. Max grad magnitude: 0.00e+00
⚠️  WARNING: Near-zero gradients at step 3, first chunk. Max grad magnitude: 0.00e+00
⚠️  WARNING: Near-zero gradients at step 3, first chunk. Max grad magnitude: 0.00e+00
⚠️  WARNING: Near-zero gradients at step 3, first chunk. Max grad magnitude: 0.00e+00
⚠️  WARNING: Near-zero gradients at step 3, first chunk. Max grad magnitude: 0.00e+00
⚠️  WARNING: Near-zero gradients at step 3, first chunk. Max grad magnitude: 0.00e+00
⚠️  WARNING: Near-zero gradients at step 3, first chunk. Max grad magnitude: 0.00e+00
⚠️  WARNING: Near-zero gradients at step 3, first chunk. Max grad magnitude: 0.00e+00
⚠️  WARNING: Near-zero gradients at step 3, first chunk. Max grad magnitude: 0.00e+00
⚠️  WARNING: Near-zero gradients at step 5, first chunk. Max grad magnitude: 0.00e+00
⚠️  WARNING: Near-zero gradients at step 5, first chunk. Max grad magnitude: 0.00e+00
⚠️  WARNING: Near-zero gradients at step 5, first chunk. Max grad magnitude: 0.00e+00
⚠️  WARNING: Near-zero gradients at step 5, first chunk. Max grad magnitude: 0.00e+00
⚠️  WARNING: Near-zero gradients at step 5, first chunk. Max grad magnitude: 0.00e+00
⚠️  WARNING: Near-zero gradients at step 5, first chunk. Max grad magnitude: 0.00e+00
⚠️  WARNING: Near-zero gradients at step 5, first chunk. Max grad magnitude: 0.00e+00
⚠️  WARNING: Near-zero gradients at step 5, first chunk. Max grad magnitude: 0.00e+00
⚠️  WARNING: Near-zero gradients at step 5, first chunk. Max grad magnitude: 0.00e+00
⚠️  WARNING: Near-zero gradients at step 5, first chunk. Max grad magnitude: 0.00e+00
⚠️  WARNING: Near-zero gradients at step 5, first chunk. Max grad magnitude: 0.00e+00
⚠️  WARNING: Near-zero gradients at step 5, first chunk. Max grad magnitude: 0.00e+00
shard 0:  38%|███▊      | 64/167 [09:05<14:25,  8.40s/it]shard 0:  39%|███▉      | 65/167 [09:14<14:32,  8.55s/it]⚠️  WARNING: Near-zero gradients at step 1, first chunk. Max grad magnitude: 0.00e+00
⚠️  WARNING: Near-zero gradients at step 1, first chunk. Max grad magnitude: 0.00e+00
⚠️  WARNING: Near-zero gradients at step 1, first chunk. Max grad magnitude: 0.00e+00
⚠️  WARNING: Near-zero gradients at step 1, first chunk. Max grad magnitude: 0.00e+00
⚠️  WARNING: Near-zero gradients at step 1, first chunk. Max grad magnitude: 0.00e+00
⚠️  WARNING: Near-zero gradients at step 1, first chunk. Max grad magnitude: 0.00e+00
⚠️  WARNING: Near-zero gradients at step 1, first chunk. Max grad magnitude: 0.00e+00
⚠️  WARNING: Near-zero gradients at step 1, first chunk. Max grad magnitude: 0.00e+00
⚠️  WARNING: Near-zero gradients at step 1, first chunk. Max grad magnitude: 0.00e+00
⚠️  WARNING: Near-zero gradients at step 1, first chunk. Max grad magnitude: 0.00e+00
⚠️  WARNING: Near-zero gradients at step 1, first chunk. Max grad magnitude: 0.00e+00
⚠️  WARNING: Near-zero gradients at step 1, first chunk. Max grad magnitude: 0.00e+00
shard 0:  40%|███▉      | 66/167 [09:24<15:03,  8.95s/it]⚠️  WARNING: Near-zero gradients at step 1, first chunk. Max grad magnitude: 0.00e+00
⚠️  WARNING: Near-zero gradients at step 1, first chunk. Max grad magnitude: 0.00e+00
⚠️  WARNING: Near-zero gradients at step 1, first chunk. Max grad magnitude: 0.00e+00
⚠️  WARNING: Near-zero gradients at step 1, first chunk. Max grad magnitude: 0.00e+00
⚠️  WARNING: Near-zero gradients at step 1, first chunk. Max grad magnitude: 0.00e+00
⚠️  WARNING: Near-zero gradients at step 1, first chunk. Max grad magnitude: 0.00e+00
⚠️  WARNING: Near-zero gradients at step 1, first chunk. Max grad magnitude: 0.00e+00
⚠️  WARNING: Near-zero gradients at step 1, first chunk. Max grad magnitude: 0.00e+00
⚠️  WARNING: Near-zero gradients at step 1, first chunk. Max grad magnitude: 0.00e+00
⚠️  WARNING: Near-zero gradients at step 1, first chunk. Max grad magnitude: 0.00e+00
⚠️  WARNING: Near-zero gradients at step 1, first chunk. Max grad magnitude: 0.00e+00
⚠️  WARNING: Near-zero gradients at step 1, first chunk. Max grad magnitude: 0.00e+00
⚠️  WARNING: Near-zero gradients at step 3, first chunk. Max grad magnitude: 0.00e+00
⚠️  WARNING: Near-zero gradients at step 3, first chunk. Max grad magnitude: 0.00e+00
⚠️  WARNING: Near-zero gradients at step 3, first chunk. Max grad magnitude: 0.00e+00
⚠️  WARNING: Near-zero gradients at step 3, first chunk. Max grad magnitude: 0.00e+00
⚠️  WARNING: Near-zero gradients at step 3, first chunk. Max grad magnitude: 0.00e+00
⚠️  WARNING: Near-zero gradients at step 3, first chunk. Max grad magnitude: 0.00e+00
⚠️  WARNING: Near-zero gradients at step 3, first chunk. Max grad magnitude: 0.00e+00
⚠️  WARNING: Near-zero gradients at step 3, first chunk. Max grad magnitude: 0.00e+00
⚠️  WARNING: Near-zero gradients at step 3, first chunk. Max grad magnitude: 0.00e+00
⚠️  WARNING: Near-zero gradients at step 3, first chunk. Max grad magnitude: 0.00e+00
⚠️  WARNING: Near-zero gradients at step 3, first chunk. Max grad magnitude: 0.00e+00
⚠️  WARNING: Near-zero gradients at step 3, first chunk. Max grad magnitude: 0.00e+00
⚠️  WARNING: Near-zero gradients at step 5, first chunk. Max grad magnitude: 0.00e+00
⚠️  WARNING: Near-zero gradients at step 5, first chunk. Max grad magnitude: 0.00e+00
⚠️  WARNING: Near-zero gradients at step 5, first chunk. Max grad magnitude: 0.00e+00
⚠️  WARNING: Near-zero gradients at step 5, first chunk. Max grad magnitude: 0.00e+00
⚠️  WARNING: Near-zero gradients at step 5, first chunk. Max grad magnitude: 0.00e+00
⚠️  WARNING: Near-zero gradients at step 5, first chunk. Max grad magnitude: 0.00e+00
⚠️  WARNING: Near-zero gradients at step 5, first chunk. Max grad magnitude: 0.00e+00
⚠️  WARNING: Near-zero gradients at step 5, first chunk. Max grad magnitude: 0.00e+00
⚠️  WARNING: Near-zero gradients at step 5, first chunk. Max grad magnitude: 0.00e+00
⚠️  WARNING: Near-zero gradients at step 5, first chunk. Max grad magnitude: 0.00e+00
⚠️  WARNING: Near-zero gradients at step 5, first chunk. Max grad magnitude: 0.00e+00
⚠️  WARNING: Near-zero gradients at step 5, first chunk. Max grad magnitude: 0.00e+00
⚠️  WARNING: Near-zero gradients at step 7, first chunk. Max grad magnitude: 0.00e+00
⚠️  WARNING: Near-zero gradients at step 7, first chunk. Max grad magnitude: 0.00e+00
⚠️  WARNING: Near-zero gradients at step 7, first chunk. Max grad magnitude: 0.00e+00
⚠️  WARNING: Near-zero gradients at step 7, first chunk. Max grad magnitude: 0.00e+00
⚠️  WARNING: Near-zero gradients at step 7, first chunk. Max grad magnitude: 0.00e+00
⚠️  WARNING: Near-zero gradients at step 7, first chunk. Max grad magnitude: 0.00e+00
⚠️  WARNING: Near-zero gradients at step 7, first chunk. Max grad magnitude: 0.00e+00
⚠️  WARNING: Near-zero gradients at step 7, first chunk. Max grad magnitude: 0.00e+00
⚠️  WARNING: Near-zero gradients at step 7, first chunk. Max grad magnitude: 0.00e+00
⚠️  WARNING: Near-zero gradients at step 7, first chunk. Max grad magnitude: 0.00e+00
⚠️  WARNING: Near-zero gradients at step 7, first chunk. Max grad magnitude: 0.00e+00
⚠️  WARNING: Near-zero gradients at step 7, first chunk. Max grad magnitude: 0.00e+00
shard 0:  40%|████      | 67/167 [09:33<14:54,  8.95s/it]shard 0:  41%|████      | 68/167 [09:40<14:03,  8.52s/it]shard 0:  41%|████▏     | 69/167 [09:47<13:22,  8.19s/it]⚠️  WARNING: Near-zero gradients at step 1, first chunk. Max grad magnitude: 0.00e+00
⚠️  WARNING: Near-zero gradients at step 1, first chunk. Max grad magnitude: 0.00e+00
⚠️  WARNING: Near-zero gradients at step 1, first chunk. Max grad magnitude: 0.00e+00
⚠️  WARNING: Near-zero gradients at step 1, first chunk. Max grad magnitude: 0.00e+00
⚠️  WARNING: Near-zero gradients at step 1, first chunk. Max grad magnitude: 0.00e+00
⚠️  WARNING: Near-zero gradients at step 1, first chunk. Max grad magnitude: 0.00e+00
⚠️  WARNING: Near-zero gradients at step 1, first chunk. Max grad magnitude: 0.00e+00
⚠️  WARNING: Near-zero gradients at step 1, first chunk. Max grad magnitude: 0.00e+00
⚠️  WARNING: Near-zero gradients at step 1, first chunk. Max grad magnitude: 0.00e+00
⚠️  WARNING: Near-zero gradients at step 1, first chunk. Max grad magnitude: 0.00e+00
⚠️  WARNING: Near-zero gradients at step 1, first chunk. Max grad magnitude: 0.00e+00
⚠️  WARNING: Near-zero gradients at step 1, first chunk. Max grad magnitude: 0.00e+00
⚠️  WARNING: Near-zero gradients at step 3, first chunk. Max grad magnitude: 0.00e+00
⚠️  WARNING: Near-zero gradients at step 3, first chunk. Max grad magnitude: 0.00e+00
⚠️  WARNING: Near-zero gradients at step 3, first chunk. Max grad magnitude: 0.00e+00
⚠️  WARNING: Near-zero gradients at step 3, first chunk. Max grad magnitude: 0.00e+00
⚠️  WARNING: Near-zero gradients at step 3, first chunk. Max grad magnitude: 0.00e+00
⚠️  WARNING: Near-zero gradients at step 3, first chunk. Max grad magnitude: 0.00e+00
⚠️  WARNING: Near-zero gradients at step 3, first chunk. Max grad magnitude: 0.00e+00
⚠️  WARNING: Near-zero gradients at step 3, first chunk. Max grad magnitude: 0.00e+00
⚠️  WARNING: Near-zero gradients at step 3, first chunk. Max grad magnitude: 0.00e+00
⚠️  WARNING: Near-zero gradients at step 3, first chunk. Max grad magnitude: 0.00e+00
⚠️  WARNING: Near-zero gradients at step 3, first chunk. Max grad magnitude: 0.00e+00
⚠️  WARNING: Near-zero gradients at step 3, first chunk. Max grad magnitude: 0.00e+00
⚠️  WARNING: Near-zero gradients at step 5, first chunk. Max grad magnitude: 0.00e+00
⚠️  WARNING: Near-zero gradients at step 5, first chunk. Max grad magnitude: 0.00e+00
⚠️  WARNING: Near-zero gradients at step 5, first chunk. Max grad magnitude: 0.00e+00
⚠️  WARNING: Near-zero gradients at step 5, first chunk. Max grad magnitude: 0.00e+00
⚠️  WARNING: Near-zero gradients at step 5, first chunk. Max grad magnitude: 0.00e+00
⚠️  WARNING: Near-zero gradients at step 5, first chunk. Max grad magnitude: 0.00e+00
⚠️  WARNING: Near-zero gradients at step 5, first chunk. Max grad magnitude: 0.00e+00
⚠️  WARNING: Near-zero gradients at step 5, first chunk. Max grad magnitude: 0.00e+00
⚠️  WARNING: Near-zero gradients at step 5, first chunk. Max grad magnitude: 0.00e+00
⚠️  WARNING: Near-zero gradients at step 5, first chunk. Max grad magnitude: 0.00e+00
⚠️  WARNING: Near-zero gradients at step 5, first chunk. Max grad magnitude: 0.00e+00
⚠️  WARNING: Near-zero gradients at step 5, first chunk. Max grad magnitude: 0.00e+00
shard 0:  42%|████▏     | 70/167 [09:59<15:00,  9.28s/it]⚠️  WARNING: Near-zero gradients at step 1, first chunk. Max grad magnitude: 0.00e+00
⚠️  WARNING: Near-zero gradients at step 1, first chunk. Max grad magnitude: 0.00e+00
⚠️  WARNING: Near-zero gradients at step 1, first chunk. Max grad magnitude: 0.00e+00
⚠️  WARNING: Near-zero gradients at step 1, first chunk. Max grad magnitude: 0.00e+00
⚠️  WARNING: Near-zero gradients at step 1, first chunk. Max grad magnitude: 0.00e+00
⚠️  WARNING: Near-zero gradients at step 1, first chunk. Max grad magnitude: 0.00e+00
⚠️  WARNING: Near-zero gradients at step 1, first chunk. Max grad magnitude: 0.00e+00
⚠️  WARNING: Near-zero gradients at step 1, first chunk. Max grad magnitude: 0.00e+00
⚠️  WARNING: Near-zero gradients at step 1, first chunk. Max grad magnitude: 0.00e+00
⚠️  WARNING: Near-zero gradients at step 1, first chunk. Max grad magnitude: 0.00e+00
⚠️  WARNING: Near-zero gradients at step 1, first chunk. Max grad magnitude: 0.00e+00
⚠️  WARNING: Near-zero gradients at step 1, first chunk. Max grad magnitude: 0.00e+00
⚠️  WARNING: Near-zero gradients at step 3, first chunk. Max grad magnitude: 0.00e+00
⚠️  WARNING: Near-zero gradients at step 3, first chunk. Max grad magnitude: 0.00e+00
⚠️  WARNING: Near-zero gradients at step 3, first chunk. Max grad magnitude: 0.00e+00
⚠️  WARNING: Near-zero gradients at step 3, first chunk. Max grad magnitude: 0.00e+00
⚠️  WARNING: Near-zero gradients at step 3, first chunk. Max grad magnitude: 0.00e+00
⚠️  WARNING: Near-zero gradients at step 3, first chunk. Max grad magnitude: 0.00e+00
⚠️  WARNING: Near-zero gradients at step 3, first chunk. Max grad magnitude: 0.00e+00
⚠️  WARNING: Near-zero gradients at step 3, first chunk. Max grad magnitude: 0.00e+00
⚠️  WARNING: Near-zero gradients at step 3, first chunk. Max grad magnitude: 0.00e+00
⚠️  WARNING: Near-zero gradients at step 3, first chunk. Max grad magnitude: 0.00e+00
⚠️  WARNING: Near-zero gradients at step 3, first chunk. Max grad magnitude: 0.00e+00
⚠️  WARNING: Near-zero gradients at step 3, first chunk. Max grad magnitude: 0.00e+00
shard 0:  43%|████▎     | 71/167 [10:07<13:57,  8.73s/it]⚠️  WARNING: Near-zero gradients at step 1, first chunk. Max grad magnitude: 0.00e+00
⚠️  WARNING: Near-zero gradients at step 1, first chunk. Max grad magnitude: 0.00e+00
⚠️  WARNING: Near-zero gradients at step 1, first chunk. Max grad magnitude: 0.00e+00
⚠️  WARNING: Near-zero gradients at step 1, first chunk. Max grad magnitude: 0.00e+00
⚠️  WARNING: Near-zero gradients at step 1, first chunk. Max grad magnitude: 0.00e+00
⚠️  WARNING: Near-zero gradients at step 1, first chunk. Max grad magnitude: 0.00e+00
⚠️  WARNING: Near-zero gradients at step 1, first chunk. Max grad magnitude: 0.00e+00
⚠️  WARNING: Near-zero gradients at step 1, first chunk. Max grad magnitude: 0.00e+00
⚠️  WARNING: Near-zero gradients at step 1, first chunk. Max grad magnitude: 0.00e+00
⚠️  WARNING: Near-zero gradients at step 1, first chunk. Max grad magnitude: 0.00e+00
⚠️  WARNING: Near-zero gradients at step 1, first chunk. Max grad magnitude: 0.00e+00
⚠️  WARNING: Near-zero gradients at step 1, first chunk. Max grad magnitude: 0.00e+00
shard 0:  43%|████▎     | 72/167 [10:14<13:21,  8.43s/it]⚠️  WARNING: Near-zero gradients at step 1, first chunk. Max grad magnitude: 0.00e+00
⚠️  WARNING: Near-zero gradients at step 1, first chunk. Max grad magnitude: 0.00e+00
⚠️  WARNING: Near-zero gradients at step 1, first chunk. Max grad magnitude: 0.00e+00
⚠️  WARNING: Near-zero gradients at step 1, first chunk. Max grad magnitude: 0.00e+00
⚠️  WARNING: Near-zero gradients at step 1, first chunk. Max grad magnitude: 0.00e+00
⚠️  WARNING: Near-zero gradients at step 1, first chunk. Max grad magnitude: 0.00e+00
⚠️  WARNING: Near-zero gradients at step 1, first chunk. Max grad magnitude: 0.00e+00
⚠️  WARNING: Near-zero gradients at step 1, first chunk. Max grad magnitude: 0.00e+00
⚠️  WARNING: Near-zero gradients at step 1, first chunk. Max grad magnitude: 0.00e+00
⚠️  WARNING: Near-zero gradients at step 1, first chunk. Max grad magnitude: 0.00e+00
⚠️  WARNING: Near-zero gradients at step 1, first chunk. Max grad magnitude: 0.00e+00
⚠️  WARNING: Near-zero gradients at step 1, first chunk. Max grad magnitude: 0.00e+00
⚠️  WARNING: Near-zero gradients at step 3, first chunk. Max grad magnitude: 0.00e+00
⚠️  WARNING: Near-zero gradients at step 3, first chunk. Max grad magnitude: 0.00e+00
⚠️  WARNING: Near-zero gradients at step 3, first chunk. Max grad magnitude: 0.00e+00
⚠️  WARNING: Near-zero gradients at step 3, first chunk. Max grad magnitude: 0.00e+00
⚠️  WARNING: Near-zero gradients at step 3, first chunk. Max grad magnitude: 0.00e+00
⚠️  WARNING: Near-zero gradients at step 3, first chunk. Max grad magnitude: 0.00e+00
⚠️  WARNING: Near-zero gradients at step 3, first chunk. Max grad magnitude: 0.00e+00
⚠️  WARNING: Near-zero gradients at step 3, first chunk. Max grad magnitude: 0.00e+00
⚠️  WARNING: Near-zero gradients at step 3, first chunk. Max grad magnitude: 0.00e+00
⚠️  WARNING: Near-zero gradients at step 3, first chunk. Max grad magnitude: 0.00e+00
⚠️  WARNING: Near-zero gradients at step 3, first chunk. Max grad magnitude: 0.00e+00
⚠️  WARNING: Near-zero gradients at step 3, first chunk. Max grad magnitude: 0.00e+00
shard 0:  44%|████▎     | 73/167 [10:23<13:24,  8.56s/it]⚠️  WARNING: Near-zero gradients at step 1, first chunk. Max grad magnitude: 0.00e+00
⚠️  WARNING: Near-zero gradients at step 1, first chunk. Max grad magnitude: 0.00e+00
⚠️  WARNING: Near-zero gradients at step 1, first chunk. Max grad magnitude: 0.00e+00
⚠️  WARNING: Near-zero gradients at step 1, first chunk. Max grad magnitude: 0.00e+00
⚠️  WARNING: Near-zero gradients at step 1, first chunk. Max grad magnitude: 0.00e+00
⚠️  WARNING: Near-zero gradients at step 1, first chunk. Max grad magnitude: 0.00e+00
⚠️  WARNING: Near-zero gradients at step 1, first chunk. Max grad magnitude: 0.00e+00
⚠️  WARNING: Near-zero gradients at step 1, first chunk. Max grad magnitude: 0.00e+00
⚠️  WARNING: Near-zero gradients at step 1, first chunk. Max grad magnitude: 0.00e+00
⚠️  WARNING: Near-zero gradients at step 1, first chunk. Max grad magnitude: 0.00e+00
⚠️  WARNING: Near-zero gradients at step 1, first chunk. Max grad magnitude: 0.00e+00
⚠️  WARNING: Near-zero gradients at step 1, first chunk. Max grad magnitude: 0.00e+00
⚠️  WARNING: Near-zero gradients at step 3, first chunk. Max grad magnitude: 0.00e+00
⚠️  WARNING: Near-zero gradients at step 3, first chunk. Max grad magnitude: 0.00e+00
⚠️  WARNING: Near-zero gradients at step 3, first chunk. Max grad magnitude: 0.00e+00
⚠️  WARNING: Near-zero gradients at step 3, first chunk. Max grad magnitude: 0.00e+00
⚠️  WARNING: Near-zero gradients at step 3, first chunk. Max grad magnitude: 0.00e+00
⚠️  WARNING: Near-zero gradients at step 3, first chunk. Max grad magnitude: 0.00e+00
⚠️  WARNING: Near-zero gradients at step 3, first chunk. Max grad magnitude: 0.00e+00
⚠️  WARNING: Near-zero gradients at step 3, first chunk. Max grad magnitude: 0.00e+00
⚠️  WARNING: Near-zero gradients at step 3, first chunk. Max grad magnitude: 0.00e+00
⚠️  WARNING: Near-zero gradients at step 3, first chunk. Max grad magnitude: 0.00e+00
⚠️  WARNING: Near-zero gradients at step 3, first chunk. Max grad magnitude: 0.00e+00
⚠️  WARNING: Near-zero gradients at step 3, first chunk. Max grad magnitude: 0.00e+00
⚠️  WARNING: Near-zero gradients at step 5, first chunk. Max grad magnitude: 0.00e+00
⚠️  WARNING: Near-zero gradients at step 5, first chunk. Max grad magnitude: 0.00e+00
⚠️  WARNING: Near-zero gradients at step 5, first chunk. Max grad magnitude: 0.00e+00
⚠️  WARNING: Near-zero gradients at step 5, first chunk. Max grad magnitude: 0.00e+00
⚠️  WARNING: Near-zero gradients at step 5, first chunk. Max grad magnitude: 0.00e+00
⚠️  WARNING: Near-zero gradients at step 5, first chunk. Max grad magnitude: 0.00e+00
⚠️  WARNING: Near-zero gradients at step 5, first chunk. Max grad magnitude: 0.00e+00
⚠️  WARNING: Near-zero gradients at step 5, first chunk. Max grad magnitude: 0.00e+00
⚠️  WARNING: Near-zero gradients at step 5, first chunk. Max grad magnitude: 0.00e+00
⚠️  WARNING: Near-zero gradients at step 5, first chunk. Max grad magnitude: 0.00e+00
⚠️  WARNING: Near-zero gradients at step 5, first chunk. Max grad magnitude: 0.00e+00
⚠️  WARNING: Near-zero gradients at step 5, first chunk. Max grad magnitude: 0.00e+00
⚠️  WARNING: Near-zero gradients at step 7, first chunk. Max grad magnitude: 0.00e+00
⚠️  WARNING: Near-zero gradients at step 7, first chunk. Max grad magnitude: 0.00e+00
⚠️  WARNING: Near-zero gradients at step 7, first chunk. Max grad magnitude: 0.00e+00
⚠️  WARNING: Near-zero gradients at step 7, first chunk. Max grad magnitude: 0.00e+00
⚠️  WARNING: Near-zero gradients at step 7, first chunk. Max grad magnitude: 0.00e+00
⚠️  WARNING: Near-zero gradients at step 7, first chunk. Max grad magnitude: 0.00e+00
⚠️  WARNING: Near-zero gradients at step 7, first chunk. Max grad magnitude: 0.00e+00
⚠️  WARNING: Near-zero gradients at step 7, first chunk. Max grad magnitude: 0.00e+00
⚠️  WARNING: Near-zero gradients at step 7, first chunk. Max grad magnitude: 0.00e+00
⚠️  WARNING: Near-zero gradients at step 7, first chunk. Max grad magnitude: 0.00e+00
⚠️  WARNING: Near-zero gradients at step 7, first chunk. Max grad magnitude: 0.00e+00
⚠️  WARNING: Near-zero gradients at step 7, first chunk. Max grad magnitude: 0.00e+00
shard 0:  44%|████▍     | 74/167 [10:31<13:03,  8.43s/it]⚠️  WARNING: Near-zero gradients at step 1, first chunk. Max grad magnitude: 0.00e+00
⚠️  WARNING: Near-zero gradients at step 1, first chunk. Max grad magnitude: 0.00e+00
⚠️  WARNING: Near-zero gradients at step 1, first chunk. Max grad magnitude: 0.00e+00
⚠️  WARNING: Near-zero gradients at step 1, first chunk. Max grad magnitude: 0.00e+00
⚠️  WARNING: Near-zero gradients at step 1, first chunk. Max grad magnitude: 0.00e+00
⚠️  WARNING: Near-zero gradients at step 1, first chunk. Max grad magnitude: 0.00e+00
⚠️  WARNING: Near-zero gradients at step 1, first chunk. Max grad magnitude: 0.00e+00
⚠️  WARNING: Near-zero gradients at step 1, first chunk. Max grad magnitude: 0.00e+00
⚠️  WARNING: Near-zero gradients at step 1, first chunk. Max grad magnitude: 0.00e+00
⚠️  WARNING: Near-zero gradients at step 1, first chunk. Max grad magnitude: 0.00e+00
⚠️  WARNING: Near-zero gradients at step 1, first chunk. Max grad magnitude: 0.00e+00
⚠️  WARNING: Near-zero gradients at step 1, first chunk. Max grad magnitude: 0.00e+00
shard 0:  45%|████▍     | 75/167 [10:40<12:50,  8.37s/it]⚠️  WARNING: Near-zero gradients at step 1, first chunk. Max grad magnitude: 0.00e+00
⚠️  WARNING: Near-zero gradients at step 1, first chunk. Max grad magnitude: 0.00e+00
⚠️  WARNING: Near-zero gradients at step 1, first chunk. Max grad magnitude: 0.00e+00
⚠️  WARNING: Near-zero gradients at step 1, first chunk. Max grad magnitude: 0.00e+00
⚠️  WARNING: Near-zero gradients at step 1, first chunk. Max grad magnitude: 0.00e+00
⚠️  WARNING: Near-zero gradients at step 1, first chunk. Max grad magnitude: 0.00e+00
⚠️  WARNING: Near-zero gradients at step 1, first chunk. Max grad magnitude: 0.00e+00
⚠️  WARNING: Near-zero gradients at step 1, first chunk. Max grad magnitude: 0.00e+00
⚠️  WARNING: Near-zero gradients at step 1, first chunk. Max grad magnitude: 0.00e+00
⚠️  WARNING: Near-zero gradients at step 1, first chunk. Max grad magnitude: 0.00e+00
⚠️  WARNING: Near-zero gradients at step 1, first chunk. Max grad magnitude: 0.00e+00
⚠️  WARNING: Near-zero gradients at step 1, first chunk. Max grad magnitude: 0.00e+00
shard 0:  46%|████▌     | 76/167 [10:46<11:57,  7.89s/it]⚠️  WARNING: Near-zero gradients at step 1, first chunk. Max grad magnitude: 0.00e+00
⚠️  WARNING: Near-zero gradients at step 1, first chunk. Max grad magnitude: 0.00e+00
⚠️  WARNING: Near-zero gradients at step 1, first chunk. Max grad magnitude: 0.00e+00
⚠️  WARNING: Near-zero gradients at step 1, first chunk. Max grad magnitude: 0.00e+00
⚠️  WARNING: Near-zero gradients at step 1, first chunk. Max grad magnitude: 0.00e+00
⚠️  WARNING: Near-zero gradients at step 1, first chunk. Max grad magnitude: 0.00e+00
⚠️  WARNING: Near-zero gradients at step 1, first chunk. Max grad magnitude: 0.00e+00
⚠️  WARNING: Near-zero gradients at step 1, first chunk. Max grad magnitude: 0.00e+00
⚠️  WARNING: Near-zero gradients at step 1, first chunk. Max grad magnitude: 0.00e+00
⚠️  WARNING: Near-zero gradients at step 1, first chunk. Max grad magnitude: 0.00e+00
⚠️  WARNING: Near-zero gradients at step 1, first chunk. Max grad magnitude: 0.00e+00
⚠️  WARNING: Near-zero gradients at step 1, first chunk. Max grad magnitude: 0.00e+00
shard 0:  46%|████▌     | 77/167 [10:57<12:59,  8.66s/it]⚠️  WARNING: Near-zero gradients at step 1, first chunk. Max grad magnitude: 0.00e+00
⚠️  WARNING: Near-zero gradients at step 1, first chunk. Max grad magnitude: 0.00e+00
⚠️  WARNING: Near-zero gradients at step 1, first chunk. Max grad magnitude: 0.00e+00
⚠️  WARNING: Near-zero gradients at step 1, first chunk. Max grad magnitude: 0.00e+00
⚠️  WARNING: Near-zero gradients at step 1, first chunk. Max grad magnitude: 0.00e+00
⚠️  WARNING: Near-zero gradients at step 1, first chunk. Max grad magnitude: 0.00e+00
⚠️  WARNING: Near-zero gradients at step 1, first chunk. Max grad magnitude: 0.00e+00
⚠️  WARNING: Near-zero gradients at step 1, first chunk. Max grad magnitude: 0.00e+00
⚠️  WARNING: Near-zero gradients at step 1, first chunk. Max grad magnitude: 0.00e+00
⚠️  WARNING: Near-zero gradients at step 1, first chunk. Max grad magnitude: 0.00e+00
⚠️  WARNING: Near-zero gradients at step 1, first chunk. Max grad magnitude: 0.00e+00
⚠️  WARNING: Near-zero gradients at step 1, first chunk. Max grad magnitude: 0.00e+00
shard 0:  47%|████▋     | 78/167 [11:05<12:37,  8.51s/it]⚠️  WARNING: Near-zero gradients at step 1, first chunk. Max grad magnitude: 0.00e+00
⚠️  WARNING: Near-zero gradients at step 1, first chunk. Max grad magnitude: 0.00e+00
⚠️  WARNING: Near-zero gradients at step 1, first chunk. Max grad magnitude: 0.00e+00
⚠️  WARNING: Near-zero gradients at step 1, first chunk. Max grad magnitude: 0.00e+00
⚠️  WARNING: Near-zero gradients at step 1, first chunk. Max grad magnitude: 0.00e+00
⚠️  WARNING: Near-zero gradients at step 1, first chunk. Max grad magnitude: 0.00e+00
⚠️  WARNING: Near-zero gradients at step 1, first chunk. Max grad magnitude: 0.00e+00
⚠️  WARNING: Near-zero gradients at step 1, first chunk. Max grad magnitude: 0.00e+00
⚠️  WARNING: Near-zero gradients at step 1, first chunk. Max grad magnitude: 0.00e+00
⚠️  WARNING: Near-zero gradients at step 1, first chunk. Max grad magnitude: 0.00e+00
⚠️  WARNING: Near-zero gradients at step 1, first chunk. Max grad magnitude: 0.00e+00
⚠️  WARNING: Near-zero gradients at step 1, first chunk. Max grad magnitude: 0.00e+00
⚠️  WARNING: Near-zero gradients at step 3, first chunk. Max grad magnitude: 0.00e+00
⚠️  WARNING: Near-zero gradients at step 3, first chunk. Max grad magnitude: 0.00e+00
⚠️  WARNING: Near-zero gradients at step 3, first chunk. Max grad magnitude: 0.00e+00
⚠️  WARNING: Near-zero gradients at step 3, first chunk. Max grad magnitude: 0.00e+00
⚠️  WARNING: Near-zero gradients at step 3, first chunk. Max grad magnitude: 0.00e+00
⚠️  WARNING: Near-zero gradients at step 3, first chunk. Max grad magnitude: 0.00e+00
⚠️  WARNING: Near-zero gradients at step 3, first chunk. Max grad magnitude: 0.00e+00
⚠️  WARNING: Near-zero gradients at step 3, first chunk. Max grad magnitude: 0.00e+00
⚠️  WARNING: Near-zero gradients at step 3, first chunk. Max grad magnitude: 0.00e+00
⚠️  WARNING: Near-zero gradients at step 3, first chunk. Max grad magnitude: 0.00e+00
⚠️  WARNING: Near-zero gradients at step 3, first chunk. Max grad magnitude: 0.00e+00
⚠️  WARNING: Near-zero gradients at step 3, first chunk. Max grad magnitude: 0.00e+00
⚠️  WARNING: Near-zero gradients at step 5, first chunk. Max grad magnitude: 0.00e+00
⚠️  WARNING: Near-zero gradients at step 5, first chunk. Max grad magnitude: 0.00e+00
⚠️  WARNING: Near-zero gradients at step 5, first chunk. Max grad magnitude: 0.00e+00
⚠️  WARNING: Near-zero gradients at step 5, first chunk. Max grad magnitude: 0.00e+00
⚠️  WARNING: Near-zero gradients at step 5, first chunk. Max grad magnitude: 0.00e+00
⚠️  WARNING: Near-zero gradients at step 5, first chunk. Max grad magnitude: 0.00e+00
⚠️  WARNING: Near-zero gradients at step 5, first chunk. Max grad magnitude: 0.00e+00
⚠️  WARNING: Near-zero gradients at step 5, first chunk. Max grad magnitude: 0.00e+00
⚠️  WARNING: Near-zero gradients at step 5, first chunk. Max grad magnitude: 0.00e+00
⚠️  WARNING: Near-zero gradients at step 5, first chunk. Max grad magnitude: 0.00e+00
⚠️  WARNING: Near-zero gradients at step 5, first chunk. Max grad magnitude: 0.00e+00
⚠️  WARNING: Near-zero gradients at step 5, first chunk. Max grad magnitude: 0.00e+00
shard 0:  47%|████▋     | 79/167 [11:13<12:14,  8.34s/it]⚠️  WARNING: Near-zero gradients at step 1, first chunk. Max grad magnitude: 0.00e+00
⚠️  WARNING: Near-zero gradients at step 1, first chunk. Max grad magnitude: 0.00e+00
⚠️  WARNING: Near-zero gradients at step 1, first chunk. Max grad magnitude: 0.00e+00
⚠️  WARNING: Near-zero gradients at step 1, first chunk. Max grad magnitude: 0.00e+00
⚠️  WARNING: Near-zero gradients at step 1, first chunk. Max grad magnitude: 0.00e+00
⚠️  WARNING: Near-zero gradients at step 1, first chunk. Max grad magnitude: 0.00e+00
⚠️  WARNING: Near-zero gradients at step 1, first chunk. Max grad magnitude: 0.00e+00
⚠️  WARNING: Near-zero gradients at step 1, first chunk. Max grad magnitude: 0.00e+00
⚠️  WARNING: Near-zero gradients at step 1, first chunk. Max grad magnitude: 0.00e+00
⚠️  WARNING: Near-zero gradients at step 1, first chunk. Max grad magnitude: 0.00e+00
⚠️  WARNING: Near-zero gradients at step 1, first chunk. Max grad magnitude: 0.00e+00
⚠️  WARNING: Near-zero gradients at step 1, first chunk. Max grad magnitude: 0.00e+00
⚠️  WARNING: Near-zero gradients at step 3, first chunk. Max grad magnitude: 0.00e+00
⚠️  WARNING: Near-zero gradients at step 3, first chunk. Max grad magnitude: 0.00e+00
⚠️  WARNING: Near-zero gradients at step 3, first chunk. Max grad magnitude: 0.00e+00
⚠️  WARNING: Near-zero gradients at step 3, first chunk. Max grad magnitude: 0.00e+00
⚠️  WARNING: Near-zero gradients at step 3, first chunk. Max grad magnitude: 0.00e+00
⚠️  WARNING: Near-zero gradients at step 3, first chunk. Max grad magnitude: 0.00e+00
⚠️  WARNING: Near-zero gradients at step 3, first chunk. Max grad magnitude: 0.00e+00
⚠️  WARNING: Near-zero gradients at step 3, first chunk. Max grad magnitude: 0.00e+00
⚠️  WARNING: Near-zero gradients at step 3, first chunk. Max grad magnitude: 0.00e+00
⚠️  WARNING: Near-zero gradients at step 3, first chunk. Max grad magnitude: 0.00e+00
⚠️  WARNING: Near-zero gradients at step 3, first chunk. Max grad magnitude: 0.00e+00
⚠️  WARNING: Near-zero gradients at step 3, first chunk. Max grad magnitude: 0.00e+00
⚠️  WARNING: Near-zero gradients at step 5, first chunk. Max grad magnitude: 0.00e+00
⚠️  WARNING: Near-zero gradients at step 5, first chunk. Max grad magnitude: 0.00e+00
⚠️  WARNING: Near-zero gradients at step 5, first chunk. Max grad magnitude: 0.00e+00
⚠️  WARNING: Near-zero gradients at step 5, first chunk. Max grad magnitude: 0.00e+00
⚠️  WARNING: Near-zero gradients at step 5, first chunk. Max grad magnitude: 0.00e+00
⚠️  WARNING: Near-zero gradients at step 5, first chunk. Max grad magnitude: 0.00e+00
⚠️  WARNING: Near-zero gradients at step 5, first chunk. Max grad magnitude: 0.00e+00
⚠️  WARNING: Near-zero gradients at step 5, first chunk. Max grad magnitude: 0.00e+00
⚠️  WARNING: Near-zero gradients at step 5, first chunk. Max grad magnitude: 0.00e+00
⚠️  WARNING: Near-zero gradients at step 5, first chunk. Max grad magnitude: 0.00e+00
⚠️  WARNING: Near-zero gradients at step 5, first chunk. Max grad magnitude: 0.00e+00
⚠️  WARNING: Near-zero gradients at step 5, first chunk. Max grad magnitude: 0.00e+00
⚠️  WARNING: Near-zero gradients at step 7, first chunk. Max grad magnitude: 0.00e+00
⚠️  WARNING: Near-zero gradients at step 7, first chunk. Max grad magnitude: 0.00e+00
⚠️  WARNING: Near-zero gradients at step 7, first chunk. Max grad magnitude: 0.00e+00
⚠️  WARNING: Near-zero gradients at step 7, first chunk. Max grad magnitude: 0.00e+00
⚠️  WARNING: Near-zero gradients at step 7, first chunk. Max grad magnitude: 0.00e+00
⚠️  WARNING: Near-zero gradients at step 7, first chunk. Max grad magnitude: 0.00e+00
⚠️  WARNING: Near-zero gradients at step 7, first chunk. Max grad magnitude: 0.00e+00
⚠️  WARNING: Near-zero gradients at step 7, first chunk. Max grad magnitude: 0.00e+00
⚠️  WARNING: Near-zero gradients at step 7, first chunk. Max grad magnitude: 0.00e+00
⚠️  WARNING: Near-zero gradients at step 7, first chunk. Max grad magnitude: 0.00e+00
⚠️  WARNING: Near-zero gradients at step 7, first chunk. Max grad magnitude: 0.00e+00
⚠️  WARNING: Near-zero gradients at step 7, first chunk. Max grad magnitude: 0.00e+00
shard 0:  48%|████▊     | 80/167 [11:22<12:18,  8.49s/it]⚠️  WARNING: Near-zero gradients at step 1, first chunk. Max grad magnitude: 0.00e+00
⚠️  WARNING: Near-zero gradients at step 1, first chunk. Max grad magnitude: 0.00e+00
⚠️  WARNING: Near-zero gradients at step 1, first chunk. Max grad magnitude: 0.00e+00
⚠️  WARNING: Near-zero gradients at step 1, first chunk. Max grad magnitude: 0.00e+00
⚠️  WARNING: Near-zero gradients at step 1, first chunk. Max grad magnitude: 0.00e+00
⚠️  WARNING: Near-zero gradients at step 1, first chunk. Max grad magnitude: 0.00e+00
⚠️  WARNING: Near-zero gradients at step 1, first chunk. Max grad magnitude: 0.00e+00
⚠️  WARNING: Near-zero gradients at step 1, first chunk. Max grad magnitude: 0.00e+00
⚠️  WARNING: Near-zero gradients at step 1, first chunk. Max grad magnitude: 0.00e+00
⚠️  WARNING: Near-zero gradients at step 1, first chunk. Max grad magnitude: 0.00e+00
⚠️  WARNING: Near-zero gradients at step 1, first chunk. Max grad magnitude: 0.00e+00
⚠️  WARNING: Near-zero gradients at step 1, first chunk. Max grad magnitude: 0.00e+00
⚠️  WARNING: Near-zero gradients at step 3, first chunk. Max grad magnitude: 0.00e+00
⚠️  WARNING: Near-zero gradients at step 3, first chunk. Max grad magnitude: 0.00e+00
⚠️  WARNING: Near-zero gradients at step 3, first chunk. Max grad magnitude: 0.00e+00
⚠️  WARNING: Near-zero gradients at step 3, first chunk. Max grad magnitude: 0.00e+00
⚠️  WARNING: Near-zero gradients at step 3, first chunk. Max grad magnitude: 0.00e+00
⚠️  WARNING: Near-zero gradients at step 3, first chunk. Max grad magnitude: 0.00e+00
⚠️  WARNING: Near-zero gradients at step 3, first chunk. Max grad magnitude: 0.00e+00
⚠️  WARNING: Near-zero gradients at step 3, first chunk. Max grad magnitude: 0.00e+00
⚠️  WARNING: Near-zero gradients at step 3, first chunk. Max grad magnitude: 0.00e+00
⚠️  WARNING: Near-zero gradients at step 3, first chunk. Max grad magnitude: 0.00e+00
⚠️  WARNING: Near-zero gradients at step 3, first chunk. Max grad magnitude: 0.00e+00
⚠️  WARNING: Near-zero gradients at step 3, first chunk. Max grad magnitude: 0.00e+00
⚠️  WARNING: Near-zero gradients at step 5, first chunk. Max grad magnitude: 0.00e+00
⚠️  WARNING: Near-zero gradients at step 5, first chunk. Max grad magnitude: 0.00e+00
⚠️  WARNING: Near-zero gradients at step 5, first chunk. Max grad magnitude: 0.00e+00
⚠️  WARNING: Near-zero gradients at step 5, first chunk. Max grad magnitude: 0.00e+00
⚠️  WARNING: Near-zero gradients at step 5, first chunk. Max grad magnitude: 0.00e+00
⚠️  WARNING: Near-zero gradients at step 5, first chunk. Max grad magnitude: 0.00e+00
⚠️  WARNING: Near-zero gradients at step 5, first chunk. Max grad magnitude: 0.00e+00
⚠️  WARNING: Near-zero gradients at step 5, first chunk. Max grad magnitude: 0.00e+00
⚠️  WARNING: Near-zero gradients at step 5, first chunk. Max grad magnitude: 0.00e+00
⚠️  WARNING: Near-zero gradients at step 5, first chunk. Max grad magnitude: 0.00e+00
⚠️  WARNING: Near-zero gradients at step 5, first chunk. Max grad magnitude: 0.00e+00
⚠️  WARNING: Near-zero gradients at step 5, first chunk. Max grad magnitude: 0.00e+00
⚠️  WARNING: Near-zero gradients at step 7, first chunk. Max grad magnitude: 0.00e+00
⚠️  WARNING: Near-zero gradients at step 7, first chunk. Max grad magnitude: 0.00e+00
⚠️  WARNING: Near-zero gradients at step 7, first chunk. Max grad magnitude: 0.00e+00
⚠️  WARNING: Near-zero gradients at step 7, first chunk. Max grad magnitude: 0.00e+00
⚠️  WARNING: Near-zero gradients at step 7, first chunk. Max grad magnitude: 0.00e+00
⚠️  WARNING: Near-zero gradients at step 7, first chunk. Max grad magnitude: 0.00e+00
⚠️  WARNING: Near-zero gradients at step 7, first chunk. Max grad magnitude: 0.00e+00
⚠️  WARNING: Near-zero gradients at step 7, first chunk. Max grad magnitude: 0.00e+00
⚠️  WARNING: Near-zero gradients at step 7, first chunk. Max grad magnitude: 0.00e+00
⚠️  WARNING: Near-zero gradients at step 7, first chunk. Max grad magnitude: 0.00e+00
⚠️  WARNING: Near-zero gradients at step 7, first chunk. Max grad magnitude: 0.00e+00
⚠️  WARNING: Near-zero gradients at step 7, first chunk. Max grad magnitude: 0.00e+00
shard 0:  49%|████▊     | 81/167 [11:30<11:54,  8.31s/it]⚠️  WARNING: Near-zero gradients at step 1, first chunk. Max grad magnitude: 0.00e+00
⚠️  WARNING: Near-zero gradients at step 1, first chunk. Max grad magnitude: 0.00e+00
⚠️  WARNING: Near-zero gradients at step 1, first chunk. Max grad magnitude: 0.00e+00
⚠️  WARNING: Near-zero gradients at step 1, first chunk. Max grad magnitude: 0.00e+00
⚠️  WARNING: Near-zero gradients at step 1, first chunk. Max grad magnitude: 0.00e+00
⚠️  WARNING: Near-zero gradients at step 1, first chunk. Max grad magnitude: 0.00e+00
⚠️  WARNING: Near-zero gradients at step 1, first chunk. Max grad magnitude: 0.00e+00
⚠️  WARNING: Near-zero gradients at step 1, first chunk. Max grad magnitude: 0.00e+00
⚠️  WARNING: Near-zero gradients at step 1, first chunk. Max grad magnitude: 0.00e+00
⚠️  WARNING: Near-zero gradients at step 1, first chunk. Max grad magnitude: 0.00e+00
⚠️  WARNING: Near-zero gradients at step 1, first chunk. Max grad magnitude: 0.00e+00
⚠️  WARNING: Near-zero gradients at step 1, first chunk. Max grad magnitude: 0.00e+00
⚠️  WARNING: Near-zero gradients at step 3, first chunk. Max grad magnitude: 0.00e+00
⚠️  WARNING: Near-zero gradients at step 3, first chunk. Max grad magnitude: 0.00e+00
⚠️  WARNING: Near-zero gradients at step 3, first chunk. Max grad magnitude: 0.00e+00
⚠️  WARNING: Near-zero gradients at step 3, first chunk. Max grad magnitude: 0.00e+00
⚠️  WARNING: Near-zero gradients at step 3, first chunk. Max grad magnitude: 0.00e+00
⚠️  WARNING: Near-zero gradients at step 3, first chunk. Max grad magnitude: 0.00e+00
⚠️  WARNING: Near-zero gradients at step 3, first chunk. Max grad magnitude: 0.00e+00
⚠️  WARNING: Near-zero gradients at step 3, first chunk. Max grad magnitude: 0.00e+00
⚠️  WARNING: Near-zero gradients at step 3, first chunk. Max grad magnitude: 0.00e+00
⚠️  WARNING: Near-zero gradients at step 3, first chunk. Max grad magnitude: 0.00e+00
⚠️  WARNING: Near-zero gradients at step 3, first chunk. Max grad magnitude: 0.00e+00
⚠️  WARNING: Near-zero gradients at step 3, first chunk. Max grad magnitude: 0.00e+00
⚠️  WARNING: Near-zero gradients at step 5, first chunk. Max grad magnitude: 0.00e+00
⚠️  WARNING: Near-zero gradients at step 5, first chunk. Max grad magnitude: 0.00e+00
⚠️  WARNING: Near-zero gradients at step 5, first chunk. Max grad magnitude: 0.00e+00
⚠️  WARNING: Near-zero gradients at step 5, first chunk. Max grad magnitude: 0.00e+00
⚠️  WARNING: Near-zero gradients at step 5, first chunk. Max grad magnitude: 0.00e+00
⚠️  WARNING: Near-zero gradients at step 5, first chunk. Max grad magnitude: 0.00e+00
⚠️  WARNING: Near-zero gradients at step 5, first chunk. Max grad magnitude: 0.00e+00
⚠️  WARNING: Near-zero gradients at step 5, first chunk. Max grad magnitude: 0.00e+00
⚠️  WARNING: Near-zero gradients at step 5, first chunk. Max grad magnitude: 0.00e+00
⚠️  WARNING: Near-zero gradients at step 5, first chunk. Max grad magnitude: 0.00e+00
⚠️  WARNING: Near-zero gradients at step 5, first chunk. Max grad magnitude: 0.00e+00
⚠️  WARNING: Near-zero gradients at step 5, first chunk. Max grad magnitude: 0.00e+00
⚠️  WARNING: Near-zero gradients at step 7, first chunk. Max grad magnitude: 0.00e+00
⚠️  WARNING: Near-zero gradients at step 7, first chunk. Max grad magnitude: 0.00e+00
⚠️  WARNING: Near-zero gradients at step 7, first chunk. Max grad magnitude: 0.00e+00
⚠️  WARNING: Near-zero gradients at step 7, first chunk. Max grad magnitude: 0.00e+00
⚠️  WARNING: Near-zero gradients at step 7, first chunk. Max grad magnitude: 0.00e+00
⚠️  WARNING: Near-zero gradients at step 7, first chunk. Max grad magnitude: 0.00e+00
⚠️  WARNING: Near-zero gradients at step 7, first chunk. Max grad magnitude: 0.00e+00
⚠️  WARNING: Near-zero gradients at step 7, first chunk. Max grad magnitude: 0.00e+00
⚠️  WARNING: Near-zero gradients at step 7, first chunk. Max grad magnitude: 0.00e+00
⚠️  WARNING: Near-zero gradients at step 7, first chunk. Max grad magnitude: 0.00e+00
⚠️  WARNING: Near-zero gradients at step 7, first chunk. Max grad magnitude: 0.00e+00
⚠️  WARNING: Near-zero gradients at step 7, first chunk. Max grad magnitude: 0.00e+00
shard 0:  49%|████▉     | 82/167 [11:38<11:45,  8.30s/it]shard 0:  50%|████▉     | 83/167 [11:49<12:40,  9.05s/it]⚠️  WARNING: Near-zero gradients at step 1, first chunk. Max grad magnitude: 0.00e+00
⚠️  WARNING: Near-zero gradients at step 1, first chunk. Max grad magnitude: 0.00e+00
⚠️  WARNING: Near-zero gradients at step 1, first chunk. Max grad magnitude: 0.00e+00
⚠️  WARNING: Near-zero gradients at step 1, first chunk. Max grad magnitude: 0.00e+00
⚠️  WARNING: Near-zero gradients at step 1, first chunk. Max grad magnitude: 0.00e+00
⚠️  WARNING: Near-zero gradients at step 1, first chunk. Max grad magnitude: 0.00e+00
⚠️  WARNING: Near-zero gradients at step 1, first chunk. Max grad magnitude: 0.00e+00
⚠️  WARNING: Near-zero gradients at step 1, first chunk. Max grad magnitude: 0.00e+00
⚠️  WARNING: Near-zero gradients at step 1, first chunk. Max grad magnitude: 0.00e+00
⚠️  WARNING: Near-zero gradients at step 1, first chunk. Max grad magnitude: 0.00e+00
⚠️  WARNING: Near-zero gradients at step 1, first chunk. Max grad magnitude: 0.00e+00
⚠️  WARNING: Near-zero gradients at step 1, first chunk. Max grad magnitude: 0.00e+00
⚠️  WARNING: Near-zero gradients at step 3, first chunk. Max grad magnitude: 0.00e+00
⚠️  WARNING: Near-zero gradients at step 3, first chunk. Max grad magnitude: 0.00e+00
⚠️  WARNING: Near-zero gradients at step 3, first chunk. Max grad magnitude: 0.00e+00
⚠️  WARNING: Near-zero gradients at step 3, first chunk. Max grad magnitude: 0.00e+00
⚠️  WARNING: Near-zero gradients at step 3, first chunk. Max grad magnitude: 0.00e+00
⚠️  WARNING: Near-zero gradients at step 3, first chunk. Max grad magnitude: 0.00e+00
⚠️  WARNING: Near-zero gradients at step 3, first chunk. Max grad magnitude: 0.00e+00
⚠️  WARNING: Near-zero gradients at step 3, first chunk. Max grad magnitude: 0.00e+00
⚠️  WARNING: Near-zero gradients at step 3, first chunk. Max grad magnitude: 0.00e+00
⚠️  WARNING: Near-zero gradients at step 3, first chunk. Max grad magnitude: 0.00e+00
⚠️  WARNING: Near-zero gradients at step 3, first chunk. Max grad magnitude: 0.00e+00
⚠️  WARNING: Near-zero gradients at step 3, first chunk. Max grad magnitude: 0.00e+00
⚠️  WARNING: Near-zero gradients at step 5, first chunk. Max grad magnitude: 0.00e+00
⚠️  WARNING: Near-zero gradients at step 5, first chunk. Max grad magnitude: 0.00e+00
⚠️  WARNING: Near-zero gradients at step 5, first chunk. Max grad magnitude: 0.00e+00
⚠️  WARNING: Near-zero gradients at step 5, first chunk. Max grad magnitude: 0.00e+00
⚠️  WARNING: Near-zero gradients at step 5, first chunk. Max grad magnitude: 0.00e+00
⚠️  WARNING: Near-zero gradients at step 5, first chunk. Max grad magnitude: 0.00e+00
⚠️  WARNING: Near-zero gradients at step 5, first chunk. Max grad magnitude: 0.00e+00
⚠️  WARNING: Near-zero gradients at step 5, first chunk. Max grad magnitude: 0.00e+00
⚠️  WARNING: Near-zero gradients at step 5, first chunk. Max grad magnitude: 0.00e+00
⚠️  WARNING: Near-zero gradients at step 5, first chunk. Max grad magnitude: 0.00e+00
⚠️  WARNING: Near-zero gradients at step 5, first chunk. Max grad magnitude: 0.00e+00
⚠️  WARNING: Near-zero gradients at step 5, first chunk. Max grad magnitude: 0.00e+00
shard 0:  50%|█████     | 84/167 [11:59<12:49,  9.28s/it]⚠️  WARNING: Near-zero gradients at step 1, first chunk. Max grad magnitude: 0.00e+00
⚠️  WARNING: Near-zero gradients at step 1, first chunk. Max grad magnitude: 0.00e+00
⚠️  WARNING: Near-zero gradients at step 1, first chunk. Max grad magnitude: 0.00e+00
⚠️  WARNING: Near-zero gradients at step 1, first chunk. Max grad magnitude: 0.00e+00
⚠️  WARNING: Near-zero gradients at step 1, first chunk. Max grad magnitude: 0.00e+00
⚠️  WARNING: Near-zero gradients at step 1, first chunk. Max grad magnitude: 0.00e+00
⚠️  WARNING: Near-zero gradients at step 1, first chunk. Max grad magnitude: 0.00e+00
⚠️  WARNING: Near-zero gradients at step 1, first chunk. Max grad magnitude: 0.00e+00
⚠️  WARNING: Near-zero gradients at step 1, first chunk. Max grad magnitude: 0.00e+00
⚠️  WARNING: Near-zero gradients at step 1, first chunk. Max grad magnitude: 0.00e+00
⚠️  WARNING: Near-zero gradients at step 1, first chunk. Max grad magnitude: 0.00e+00
⚠️  WARNING: Near-zero gradients at step 1, first chunk. Max grad magnitude: 0.00e+00
⚠️  WARNING: Near-zero gradients at step 3, first chunk. Max grad magnitude: 0.00e+00
⚠️  WARNING: Near-zero gradients at step 3, first chunk. Max grad magnitude: 0.00e+00
⚠️  WARNING: Near-zero gradients at step 3, first chunk. Max grad magnitude: 0.00e+00
⚠️  WARNING: Near-zero gradients at step 3, first chunk. Max grad magnitude: 0.00e+00
⚠️  WARNING: Near-zero gradients at step 3, first chunk. Max grad magnitude: 0.00e+00
⚠️  WARNING: Near-zero gradients at step 3, first chunk. Max grad magnitude: 0.00e+00
⚠️  WARNING: Near-zero gradients at step 3, first chunk. Max grad magnitude: 0.00e+00
⚠️  WARNING: Near-zero gradients at step 3, first chunk. Max grad magnitude: 0.00e+00
⚠️  WARNING: Near-zero gradients at step 3, first chunk. Max grad magnitude: 0.00e+00
⚠️  WARNING: Near-zero gradients at step 3, first chunk. Max grad magnitude: 0.00e+00
⚠️  WARNING: Near-zero gradients at step 3, first chunk. Max grad magnitude: 0.00e+00
⚠️  WARNING: Near-zero gradients at step 3, first chunk. Max grad magnitude: 0.00e+00
shard 0:  51%|█████     | 85/167 [12:08<12:31,  9.17s/it]⚠️  WARNING: Near-zero gradients at step 1, first chunk. Max grad magnitude: 0.00e+00
⚠️  WARNING: Near-zero gradients at step 1, first chunk. Max grad magnitude: 0.00e+00
⚠️  WARNING: Near-zero gradients at step 1, first chunk. Max grad magnitude: 0.00e+00
⚠️  WARNING: Near-zero gradients at step 1, first chunk. Max grad magnitude: 0.00e+00
⚠️  WARNING: Near-zero gradients at step 1, first chunk. Max grad magnitude: 0.00e+00
⚠️  WARNING: Near-zero gradients at step 1, first chunk. Max grad magnitude: 0.00e+00
⚠️  WARNING: Near-zero gradients at step 1, first chunk. Max grad magnitude: 0.00e+00
⚠️  WARNING: Near-zero gradients at step 1, first chunk. Max grad magnitude: 0.00e+00
⚠️  WARNING: Near-zero gradients at step 1, first chunk. Max grad magnitude: 0.00e+00
⚠️  WARNING: Near-zero gradients at step 1, first chunk. Max grad magnitude: 0.00e+00
⚠️  WARNING: Near-zero gradients at step 1, first chunk. Max grad magnitude: 0.00e+00
⚠️  WARNING: Near-zero gradients at step 1, first chunk. Max grad magnitude: 0.00e+00
⚠️  WARNING: Near-zero gradients at step 3, first chunk. Max grad magnitude: 0.00e+00
⚠️  WARNING: Near-zero gradients at step 3, first chunk. Max grad magnitude: 0.00e+00
⚠️  WARNING: Near-zero gradients at step 3, first chunk. Max grad magnitude: 0.00e+00
⚠️  WARNING: Near-zero gradients at step 3, first chunk. Max grad magnitude: 0.00e+00
⚠️  WARNING: Near-zero gradients at step 3, first chunk. Max grad magnitude: 0.00e+00
⚠️  WARNING: Near-zero gradients at step 3, first chunk. Max grad magnitude: 0.00e+00
⚠️  WARNING: Near-zero gradients at step 3, first chunk. Max grad magnitude: 0.00e+00
⚠️  WARNING: Near-zero gradients at step 3, first chunk. Max grad magnitude: 0.00e+00
⚠️  WARNING: Near-zero gradients at step 3, first chunk. Max grad magnitude: 0.00e+00
⚠️  WARNING: Near-zero gradients at step 3, first chunk. Max grad magnitude: 0.00e+00
⚠️  WARNING: Near-zero gradients at step 3, first chunk. Max grad magnitude: 0.00e+00
⚠️  WARNING: Near-zero gradients at step 3, first chunk. Max grad magnitude: 0.00e+00
shard 0:  51%|█████▏    | 86/167 [12:16<11:58,  8.87s/it]⚠️  WARNING: Near-zero gradients at step 1, first chunk. Max grad magnitude: 0.00e+00
⚠️  WARNING: Near-zero gradients at step 1, first chunk. Max grad magnitude: 0.00e+00
⚠️  WARNING: Near-zero gradients at step 1, first chunk. Max grad magnitude: 0.00e+00
⚠️  WARNING: Near-zero gradients at step 1, first chunk. Max grad magnitude: 0.00e+00
⚠️  WARNING: Near-zero gradients at step 1, first chunk. Max grad magnitude: 0.00e+00
⚠️  WARNING: Near-zero gradients at step 1, first chunk. Max grad magnitude: 0.00e+00
⚠️  WARNING: Near-zero gradients at step 1, first chunk. Max grad magnitude: 0.00e+00
⚠️  WARNING: Near-zero gradients at step 1, first chunk. Max grad magnitude: 0.00e+00
⚠️  WARNING: Near-zero gradients at step 1, first chunk. Max grad magnitude: 0.00e+00
⚠️  WARNING: Near-zero gradients at step 1, first chunk. Max grad magnitude: 0.00e+00
⚠️  WARNING: Near-zero gradients at step 1, first chunk. Max grad magnitude: 0.00e+00
⚠️  WARNING: Near-zero gradients at step 1, first chunk. Max grad magnitude: 0.00e+00
shard 0:  52%|█████▏    | 87/167 [12:24<11:37,  8.72s/it]shard 0:  53%|█████▎    | 88/167 [12:32<11:17,  8.58s/it]⚠️  WARNING: Near-zero gradients at step 1, first chunk. Max grad magnitude: 0.00e+00
⚠️  WARNING: Near-zero gradients at step 1, first chunk. Max grad magnitude: 0.00e+00
⚠️  WARNING: Near-zero gradients at step 1, first chunk. Max grad magnitude: 0.00e+00
⚠️  WARNING: Near-zero gradients at step 1, first chunk. Max grad magnitude: 0.00e+00
⚠️  WARNING: Near-zero gradients at step 1, first chunk. Max grad magnitude: 0.00e+00
⚠️  WARNING: Near-zero gradients at step 1, first chunk. Max grad magnitude: 0.00e+00
⚠️  WARNING: Near-zero gradients at step 1, first chunk. Max grad magnitude: 0.00e+00
⚠️  WARNING: Near-zero gradients at step 1, first chunk. Max grad magnitude: 0.00e+00
⚠️  WARNING: Near-zero gradients at step 1, first chunk. Max grad magnitude: 0.00e+00
⚠️  WARNING: Near-zero gradients at step 1, first chunk. Max grad magnitude: 0.00e+00
⚠️  WARNING: Near-zero gradients at step 1, first chunk. Max grad magnitude: 0.00e+00
⚠️  WARNING: Near-zero gradients at step 1, first chunk. Max grad magnitude: 0.00e+00
shard 0:  53%|█████▎    | 89/167 [12:40<10:56,  8.42s/it]⚠️  WARNING: Near-zero gradients at step 1, first chunk. Max grad magnitude: 0.00e+00
⚠️  WARNING: Near-zero gradients at step 1, first chunk. Max grad magnitude: 0.00e+00
⚠️  WARNING: Near-zero gradients at step 1, first chunk. Max grad magnitude: 0.00e+00
⚠️  WARNING: Near-zero gradients at step 1, first chunk. Max grad magnitude: 0.00e+00
⚠️  WARNING: Near-zero gradients at step 1, first chunk. Max grad magnitude: 0.00e+00
⚠️  WARNING: Near-zero gradients at step 1, first chunk. Max grad magnitude: 0.00e+00
⚠️  WARNING: Near-zero gradients at step 1, first chunk. Max grad magnitude: 0.00e+00
⚠️  WARNING: Near-zero gradients at step 1, first chunk. Max grad magnitude: 0.00e+00
⚠️  WARNING: Near-zero gradients at step 1, first chunk. Max grad magnitude: 0.00e+00
⚠️  WARNING: Near-zero gradients at step 1, first chunk. Max grad magnitude: 0.00e+00
⚠️  WARNING: Near-zero gradients at step 1, first chunk. Max grad magnitude: 0.00e+00
⚠️  WARNING: Near-zero gradients at step 1, first chunk. Max grad magnitude: 0.00e+00
⚠️  WARNING: Near-zero gradients at step 3, first chunk. Max grad magnitude: 0.00e+00
⚠️  WARNING: Near-zero gradients at step 3, first chunk. Max grad magnitude: 0.00e+00
⚠️  WARNING: Near-zero gradients at step 3, first chunk. Max grad magnitude: 0.00e+00
⚠️  WARNING: Near-zero gradients at step 3, first chunk. Max grad magnitude: 0.00e+00
⚠️  WARNING: Near-zero gradients at step 3, first chunk. Max grad magnitude: 0.00e+00
⚠️  WARNING: Near-zero gradients at step 3, first chunk. Max grad magnitude: 0.00e+00
⚠️  WARNING: Near-zero gradients at step 3, first chunk. Max grad magnitude: 0.00e+00
⚠️  WARNING: Near-zero gradients at step 3, first chunk. Max grad magnitude: 0.00e+00
⚠️  WARNING: Near-zero gradients at step 3, first chunk. Max grad magnitude: 0.00e+00
⚠️  WARNING: Near-zero gradients at step 3, first chunk. Max grad magnitude: 0.00e+00
⚠️  WARNING: Near-zero gradients at step 3, first chunk. Max grad magnitude: 0.00e+00
⚠️  WARNING: Near-zero gradients at step 3, first chunk. Max grad magnitude: 0.00e+00
shard 0:  54%|█████▍    | 90/167 [12:49<10:41,  8.33s/it]⚠️  WARNING: Near-zero gradients at step 1, first chunk. Max grad magnitude: 0.00e+00
⚠️  WARNING: Near-zero gradients at step 1, first chunk. Max grad magnitude: 0.00e+00
⚠️  WARNING: Near-zero gradients at step 1, first chunk. Max grad magnitude: 0.00e+00
⚠️  WARNING: Near-zero gradients at step 1, first chunk. Max grad magnitude: 0.00e+00
⚠️  WARNING: Near-zero gradients at step 1, first chunk. Max grad magnitude: 0.00e+00
⚠️  WARNING: Near-zero gradients at step 1, first chunk. Max grad magnitude: 0.00e+00
⚠️  WARNING: Near-zero gradients at step 1, first chunk. Max grad magnitude: 0.00e+00
⚠️  WARNING: Near-zero gradients at step 1, first chunk. Max grad magnitude: 0.00e+00
⚠️  WARNING: Near-zero gradients at step 1, first chunk. Max grad magnitude: 0.00e+00
⚠️  WARNING: Near-zero gradients at step 1, first chunk. Max grad magnitude: 0.00e+00
⚠️  WARNING: Near-zero gradients at step 1, first chunk. Max grad magnitude: 0.00e+00
⚠️  WARNING: Near-zero gradients at step 1, first chunk. Max grad magnitude: 0.00e+00
⚠️  WARNING: Near-zero gradients at step 3, first chunk. Max grad magnitude: 0.00e+00
⚠️  WARNING: Near-zero gradients at step 3, first chunk. Max grad magnitude: 0.00e+00
⚠️  WARNING: Near-zero gradients at step 3, first chunk. Max grad magnitude: 0.00e+00
⚠️  WARNING: Near-zero gradients at step 3, first chunk. Max grad magnitude: 0.00e+00
⚠️  WARNING: Near-zero gradients at step 3, first chunk. Max grad magnitude: 0.00e+00
⚠️  WARNING: Near-zero gradients at step 3, first chunk. Max grad magnitude: 0.00e+00
⚠️  WARNING: Near-zero gradients at step 3, first chunk. Max grad magnitude: 0.00e+00
⚠️  WARNING: Near-zero gradients at step 3, first chunk. Max grad magnitude: 0.00e+00
⚠️  WARNING: Near-zero gradients at step 3, first chunk. Max grad magnitude: 0.00e+00
⚠️  WARNING: Near-zero gradients at step 3, first chunk. Max grad magnitude: 0.00e+00
⚠️  WARNING: Near-zero gradients at step 3, first chunk. Max grad magnitude: 0.00e+00
⚠️  WARNING: Near-zero gradients at step 3, first chunk. Max grad magnitude: 0.00e+00
⚠️  WARNING: Near-zero gradients at step 5, first chunk. Max grad magnitude: 0.00e+00
⚠️  WARNING: Near-zero gradients at step 5, first chunk. Max grad magnitude: 0.00e+00
⚠️  WARNING: Near-zero gradients at step 5, first chunk. Max grad magnitude: 0.00e+00
⚠️  WARNING: Near-zero gradients at step 5, first chunk. Max grad magnitude: 0.00e+00
⚠️  WARNING: Near-zero gradients at step 5, first chunk. Max grad magnitude: 0.00e+00
⚠️  WARNING: Near-zero gradients at step 5, first chunk. Max grad magnitude: 0.00e+00
⚠️  WARNING: Near-zero gradients at step 5, first chunk. Max grad magnitude: 0.00e+00
⚠️  WARNING: Near-zero gradients at step 5, first chunk. Max grad magnitude: 0.00e+00
⚠️  WARNING: Near-zero gradients at step 5, first chunk. Max grad magnitude: 0.00e+00
⚠️  WARNING: Near-zero gradients at step 5, first chunk. Max grad magnitude: 0.00e+00
⚠️  WARNING: Near-zero gradients at step 5, first chunk. Max grad magnitude: 0.00e+00
⚠️  WARNING: Near-zero gradients at step 5, first chunk. Max grad magnitude: 0.00e+00
⚠️  WARNING: Near-zero gradients at step 7, first chunk. Max grad magnitude: 0.00e+00
⚠️  WARNING: Near-zero gradients at step 7, first chunk. Max grad magnitude: 0.00e+00
⚠️  WARNING: Near-zero gradients at step 7, first chunk. Max grad magnitude: 0.00e+00
⚠️  WARNING: Near-zero gradients at step 7, first chunk. Max grad magnitude: 0.00e+00
⚠️  WARNING: Near-zero gradients at step 7, first chunk. Max grad magnitude: 0.00e+00
⚠️  WARNING: Near-zero gradients at step 7, first chunk. Max grad magnitude: 0.00e+00
⚠️  WARNING: Near-zero gradients at step 7, first chunk. Max grad magnitude: 0.00e+00
⚠️  WARNING: Near-zero gradients at step 7, first chunk. Max grad magnitude: 0.00e+00
⚠️  WARNING: Near-zero gradients at step 7, first chunk. Max grad magnitude: 0.00e+00
⚠️  WARNING: Near-zero gradients at step 7, first chunk. Max grad magnitude: 0.00e+00
⚠️  WARNING: Near-zero gradients at step 7, first chunk. Max grad magnitude: 0.00e+00
⚠️  WARNING: Near-zero gradients at step 7, first chunk. Max grad magnitude: 0.00e+00
shard 0:  54%|█████▍    | 91/167 [12:56<10:11,  8.04s/it]⚠️  WARNING: Near-zero gradients at step 1, first chunk. Max grad magnitude: 0.00e+00
⚠️  WARNING: Near-zero gradients at step 1, first chunk. Max grad magnitude: 0.00e+00
⚠️  WARNING: Near-zero gradients at step 1, first chunk. Max grad magnitude: 0.00e+00
⚠️  WARNING: Near-zero gradients at step 1, first chunk. Max grad magnitude: 0.00e+00
⚠️  WARNING: Near-zero gradients at step 1, first chunk. Max grad magnitude: 0.00e+00
⚠️  WARNING: Near-zero gradients at step 1, first chunk. Max grad magnitude: 0.00e+00
⚠️  WARNING: Near-zero gradients at step 1, first chunk. Max grad magnitude: 0.00e+00
⚠️  WARNING: Near-zero gradients at step 1, first chunk. Max grad magnitude: 0.00e+00
⚠️  WARNING: Near-zero gradients at step 1, first chunk. Max grad magnitude: 0.00e+00
⚠️  WARNING: Near-zero gradients at step 1, first chunk. Max grad magnitude: 0.00e+00
⚠️  WARNING: Near-zero gradients at step 1, first chunk. Max grad magnitude: 0.00e+00
⚠️  WARNING: Near-zero gradients at step 1, first chunk. Max grad magnitude: 0.00e+00
⚠️  WARNING: Near-zero gradients at step 3, first chunk. Max grad magnitude: 0.00e+00
⚠️  WARNING: Near-zero gradients at step 3, first chunk. Max grad magnitude: 0.00e+00
⚠️  WARNING: Near-zero gradients at step 3, first chunk. Max grad magnitude: 0.00e+00
⚠️  WARNING: Near-zero gradients at step 3, first chunk. Max grad magnitude: 0.00e+00
⚠️  WARNING: Near-zero gradients at step 3, first chunk. Max grad magnitude: 0.00e+00
⚠️  WARNING: Near-zero gradients at step 3, first chunk. Max grad magnitude: 0.00e+00
⚠️  WARNING: Near-zero gradients at step 3, first chunk. Max grad magnitude: 0.00e+00
⚠️  WARNING: Near-zero gradients at step 3, first chunk. Max grad magnitude: 0.00e+00
⚠️  WARNING: Near-zero gradients at step 3, first chunk. Max grad magnitude: 0.00e+00
⚠️  WARNING: Near-zero gradients at step 3, first chunk. Max grad magnitude: 0.00e+00
⚠️  WARNING: Near-zero gradients at step 3, first chunk. Max grad magnitude: 0.00e+00
⚠️  WARNING: Near-zero gradients at step 3, first chunk. Max grad magnitude: 0.00e+00
⚠️  WARNING: Near-zero gradients at step 5, first chunk. Max grad magnitude: 0.00e+00
⚠️  WARNING: Near-zero gradients at step 5, first chunk. Max grad magnitude: 0.00e+00
⚠️  WARNING: Near-zero gradients at step 5, first chunk. Max grad magnitude: 0.00e+00
⚠️  WARNING: Near-zero gradients at step 5, first chunk. Max grad magnitude: 0.00e+00
⚠️  WARNING: Near-zero gradients at step 5, first chunk. Max grad magnitude: 0.00e+00
⚠️  WARNING: Near-zero gradients at step 5, first chunk. Max grad magnitude: 0.00e+00
⚠️  WARNING: Near-zero gradients at step 5, first chunk. Max grad magnitude: 0.00e+00
⚠️  WARNING: Near-zero gradients at step 5, first chunk. Max grad magnitude: 0.00e+00
⚠️  WARNING: Near-zero gradients at step 5, first chunk. Max grad magnitude: 0.00e+00
⚠️  WARNING: Near-zero gradients at step 5, first chunk. Max grad magnitude: 0.00e+00
⚠️  WARNING: Near-zero gradients at step 5, first chunk. Max grad magnitude: 0.00e+00
⚠️  WARNING: Near-zero gradients at step 5, first chunk. Max grad magnitude: 0.00e+00
shard 0:  55%|█████▌    | 92/167 [13:05<10:27,  8.37s/it]⚠️  WARNING: Near-zero gradients at step 1, first chunk. Max grad magnitude: 0.00e+00
⚠️  WARNING: Near-zero gradients at step 1, first chunk. Max grad magnitude: 0.00e+00
⚠️  WARNING: Near-zero gradients at step 1, first chunk. Max grad magnitude: 0.00e+00
⚠️  WARNING: Near-zero gradients at step 1, first chunk. Max grad magnitude: 0.00e+00
⚠️  WARNING: Near-zero gradients at step 1, first chunk. Max grad magnitude: 0.00e+00
⚠️  WARNING: Near-zero gradients at step 1, first chunk. Max grad magnitude: 0.00e+00
⚠️  WARNING: Near-zero gradients at step 1, first chunk. Max grad magnitude: 0.00e+00
⚠️  WARNING: Near-zero gradients at step 1, first chunk. Max grad magnitude: 0.00e+00
⚠️  WARNING: Near-zero gradients at step 1, first chunk. Max grad magnitude: 0.00e+00
⚠️  WARNING: Near-zero gradients at step 1, first chunk. Max grad magnitude: 0.00e+00
⚠️  WARNING: Near-zero gradients at step 1, first chunk. Max grad magnitude: 0.00e+00
⚠️  WARNING: Near-zero gradients at step 1, first chunk. Max grad magnitude: 0.00e+00
shard 0:  56%|█████▌    | 93/167 [13:16<11:11,  9.08s/it]⚠️  WARNING: Near-zero gradients at step 1, first chunk. Max grad magnitude: 0.00e+00
⚠️  WARNING: Near-zero gradients at step 1, first chunk. Max grad magnitude: 0.00e+00
⚠️  WARNING: Near-zero gradients at step 1, first chunk. Max grad magnitude: 0.00e+00
⚠️  WARNING: Near-zero gradients at step 1, first chunk. Max grad magnitude: 0.00e+00
⚠️  WARNING: Near-zero gradients at step 1, first chunk. Max grad magnitude: 0.00e+00
⚠️  WARNING: Near-zero gradients at step 1, first chunk. Max grad magnitude: 0.00e+00
⚠️  WARNING: Near-zero gradients at step 1, first chunk. Max grad magnitude: 0.00e+00
⚠️  WARNING: Near-zero gradients at step 1, first chunk. Max grad magnitude: 0.00e+00
⚠️  WARNING: Near-zero gradients at step 1, first chunk. Max grad magnitude: 0.00e+00
⚠️  WARNING: Near-zero gradients at step 1, first chunk. Max grad magnitude: 0.00e+00
⚠️  WARNING: Near-zero gradients at step 1, first chunk. Max grad magnitude: 0.00e+00
⚠️  WARNING: Near-zero gradients at step 1, first chunk. Max grad magnitude: 0.00e+00
⚠️  WARNING: Near-zero gradients at step 3, first chunk. Max grad magnitude: 0.00e+00
⚠️  WARNING: Near-zero gradients at step 3, first chunk. Max grad magnitude: 0.00e+00
⚠️  WARNING: Near-zero gradients at step 3, first chunk. Max grad magnitude: 0.00e+00
⚠️  WARNING: Near-zero gradients at step 3, first chunk. Max grad magnitude: 0.00e+00
⚠️  WARNING: Near-zero gradients at step 3, first chunk. Max grad magnitude: 0.00e+00
⚠️  WARNING: Near-zero gradients at step 3, first chunk. Max grad magnitude: 0.00e+00
⚠️  WARNING: Near-zero gradients at step 3, first chunk. Max grad magnitude: 0.00e+00
⚠️  WARNING: Near-zero gradients at step 3, first chunk. Max grad magnitude: 0.00e+00
⚠️  WARNING: Near-zero gradients at step 3, first chunk. Max grad magnitude: 0.00e+00
⚠️  WARNING: Near-zero gradients at step 3, first chunk. Max grad magnitude: 0.00e+00
⚠️  WARNING: Near-zero gradients at step 3, first chunk. Max grad magnitude: 0.00e+00
⚠️  WARNING: Near-zero gradients at step 3, first chunk. Max grad magnitude: 0.00e+00
shard 0:  56%|█████▋    | 94/167 [13:25<11:00,  9.05s/it]⚠️  WARNING: Near-zero gradients at step 1, first chunk. Max grad magnitude: 0.00e+00
⚠️  WARNING: Near-zero gradients at step 1, first chunk. Max grad magnitude: 0.00e+00
⚠️  WARNING: Near-zero gradients at step 1, first chunk. Max grad magnitude: 0.00e+00
⚠️  WARNING: Near-zero gradients at step 1, first chunk. Max grad magnitude: 0.00e+00
⚠️  WARNING: Near-zero gradients at step 1, first chunk. Max grad magnitude: 0.00e+00
⚠️  WARNING: Near-zero gradients at step 1, first chunk. Max grad magnitude: 0.00e+00
⚠️  WARNING: Near-zero gradients at step 1, first chunk. Max grad magnitude: 0.00e+00
⚠️  WARNING: Near-zero gradients at step 1, first chunk. Max grad magnitude: 0.00e+00
⚠️  WARNING: Near-zero gradients at step 1, first chunk. Max grad magnitude: 0.00e+00
⚠️  WARNING: Near-zero gradients at step 1, first chunk. Max grad magnitude: 0.00e+00
⚠️  WARNING: Near-zero gradients at step 1, first chunk. Max grad magnitude: 0.00e+00
⚠️  WARNING: Near-zero gradients at step 1, first chunk. Max grad magnitude: 0.00e+00
⚠️  WARNING: Near-zero gradients at step 3, first chunk. Max grad magnitude: 0.00e+00
⚠️  WARNING: Near-zero gradients at step 3, first chunk. Max grad magnitude: 0.00e+00
⚠️  WARNING: Near-zero gradients at step 3, first chunk. Max grad magnitude: 0.00e+00
⚠️  WARNING: Near-zero gradients at step 3, first chunk. Max grad magnitude: 0.00e+00
⚠️  WARNING: Near-zero gradients at step 3, first chunk. Max grad magnitude: 0.00e+00
⚠️  WARNING: Near-zero gradients at step 3, first chunk. Max grad magnitude: 0.00e+00
⚠️  WARNING: Near-zero gradients at step 3, first chunk. Max grad magnitude: 0.00e+00
⚠️  WARNING: Near-zero gradients at step 3, first chunk. Max grad magnitude: 0.00e+00
⚠️  WARNING: Near-zero gradients at step 3, first chunk. Max grad magnitude: 0.00e+00
⚠️  WARNING: Near-zero gradients at step 3, first chunk. Max grad magnitude: 0.00e+00
⚠️  WARNING: Near-zero gradients at step 3, first chunk. Max grad magnitude: 0.00e+00
⚠️  WARNING: Near-zero gradients at step 3, first chunk. Max grad magnitude: 0.00e+00
⚠️  WARNING: Near-zero gradients at step 5, first chunk. Max grad magnitude: 0.00e+00
⚠️  WARNING: Near-zero gradients at step 5, first chunk. Max grad magnitude: 0.00e+00
⚠️  WARNING: Near-zero gradients at step 5, first chunk. Max grad magnitude: 0.00e+00
⚠️  WARNING: Near-zero gradients at step 5, first chunk. Max grad magnitude: 0.00e+00
⚠️  WARNING: Near-zero gradients at step 5, first chunk. Max grad magnitude: 0.00e+00
⚠️  WARNING: Near-zero gradients at step 5, first chunk. Max grad magnitude: 0.00e+00
⚠️  WARNING: Near-zero gradients at step 5, first chunk. Max grad magnitude: 0.00e+00
⚠️  WARNING: Near-zero gradients at step 5, first chunk. Max grad magnitude: 0.00e+00
⚠️  WARNING: Near-zero gradients at step 5, first chunk. Max grad magnitude: 0.00e+00
⚠️  WARNING: Near-zero gradients at step 5, first chunk. Max grad magnitude: 0.00e+00
⚠️  WARNING: Near-zero gradients at step 5, first chunk. Max grad magnitude: 0.00e+00
⚠️  WARNING: Near-zero gradients at step 5, first chunk. Max grad magnitude: 0.00e+00
⚠️  WARNING: Near-zero gradients at step 7, first chunk. Max grad magnitude: 0.00e+00
⚠️  WARNING: Near-zero gradients at step 7, first chunk. Max grad magnitude: 0.00e+00
⚠️  WARNING: Near-zero gradients at step 7, first chunk. Max grad magnitude: 0.00e+00
⚠️  WARNING: Near-zero gradients at step 7, first chunk. Max grad magnitude: 0.00e+00
⚠️  WARNING: Near-zero gradients at step 7, first chunk. Max grad magnitude: 0.00e+00
⚠️  WARNING: Near-zero gradients at step 7, first chunk. Max grad magnitude: 0.00e+00
⚠️  WARNING: Near-zero gradients at step 7, first chunk. Max grad magnitude: 0.00e+00
⚠️  WARNING: Near-zero gradients at step 7, first chunk. Max grad magnitude: 0.00e+00
⚠️  WARNING: Near-zero gradients at step 7, first chunk. Max grad magnitude: 0.00e+00
⚠️  WARNING: Near-zero gradients at step 7, first chunk. Max grad magnitude: 0.00e+00
⚠️  WARNING: Near-zero gradients at step 7, first chunk. Max grad magnitude: 0.00e+00
⚠️  WARNING: Near-zero gradients at step 7, first chunk. Max grad magnitude: 0.00e+00
⚠️  WARNING: Near-zero gradients at step 9, first chunk. Max grad magnitude: 0.00e+00
⚠️  WARNING: Near-zero gradients at step 9, first chunk. Max grad magnitude: 0.00e+00
⚠️  WARNING: Near-zero gradients at step 9, first chunk. Max grad magnitude: 0.00e+00
⚠️  WARNING: Near-zero gradients at step 9, first chunk. Max grad magnitude: 0.00e+00
⚠️  WARNING: Near-zero gradients at step 9, first chunk. Max grad magnitude: 0.00e+00
⚠️  WARNING: Near-zero gradients at step 9, first chunk. Max grad magnitude: 0.00e+00
⚠️  WARNING: Near-zero gradients at step 9, first chunk. Max grad magnitude: 0.00e+00
⚠️  WARNING: Near-zero gradients at step 9, first chunk. Max grad magnitude: 0.00e+00
⚠️  WARNING: Near-zero gradients at step 9, first chunk. Max grad magnitude: 0.00e+00
⚠️  WARNING: Near-zero gradients at step 9, first chunk. Max grad magnitude: 0.00e+00
⚠️  WARNING: Near-zero gradients at step 9, first chunk. Max grad magnitude: 0.00e+00
⚠️  WARNING: Near-zero gradients at step 9, first chunk. Max grad magnitude: 0.00e+00
⚠️  WARNING: Near-zero gradients at step 11, first chunk. Max grad magnitude: 0.00e+00
⚠️  WARNING: Near-zero gradients at step 11, first chunk. Max grad magnitude: 0.00e+00
⚠️  WARNING: Near-zero gradients at step 11, first chunk. Max grad magnitude: 0.00e+00
⚠️  WARNING: Near-zero gradients at step 11, first chunk. Max grad magnitude: 0.00e+00
⚠️  WARNING: Near-zero gradients at step 11, first chunk. Max grad magnitude: 0.00e+00
⚠️  WARNING: Near-zero gradients at step 11, first chunk. Max grad magnitude: 0.00e+00
⚠️  WARNING: Near-zero gradients at step 11, first chunk. Max grad magnitude: 0.00e+00
⚠️  WARNING: Near-zero gradients at step 11, first chunk. Max grad magnitude: 0.00e+00
⚠️  WARNING: Near-zero gradients at step 11, first chunk. Max grad magnitude: 0.00e+00
⚠️  WARNING: Near-zero gradients at step 11, first chunk. Max grad magnitude: 0.00e+00
⚠️  WARNING: Near-zero gradients at step 11, first chunk. Max grad magnitude: 0.00e+00
⚠️  WARNING: Near-zero gradients at step 11, first chunk. Max grad magnitude: 0.00e+00
shard 0:  57%|█████▋    | 95/167 [13:33<10:32,  8.79s/it]shard 0:  57%|█████▋    | 96/167 [13:41<10:17,  8.69s/it]shard 0:  58%|█████▊    | 97/167 [13:50<10:13,  8.77s/it]⚠️  WARNING: Near-zero gradients at step 1, first chunk. Max grad magnitude: 0.00e+00
⚠️  WARNING: Near-zero gradients at step 1, first chunk. Max grad magnitude: 0.00e+00
⚠️  WARNING: Near-zero gradients at step 1, first chunk. Max grad magnitude: 0.00e+00
⚠️  WARNING: Near-zero gradients at step 1, first chunk. Max grad magnitude: 0.00e+00
⚠️  WARNING: Near-zero gradients at step 1, first chunk. Max grad magnitude: 0.00e+00
⚠️  WARNING: Near-zero gradients at step 1, first chunk. Max grad magnitude: 0.00e+00
⚠️  WARNING: Near-zero gradients at step 1, first chunk. Max grad magnitude: 0.00e+00
⚠️  WARNING: Near-zero gradients at step 1, first chunk. Max grad magnitude: 0.00e+00
⚠️  WARNING: Near-zero gradients at step 1, first chunk. Max grad magnitude: 0.00e+00
⚠️  WARNING: Near-zero gradients at step 1, first chunk. Max grad magnitude: 0.00e+00
⚠️  WARNING: Near-zero gradients at step 1, first chunk. Max grad magnitude: 0.00e+00
⚠️  WARNING: Near-zero gradients at step 1, first chunk. Max grad magnitude: 0.00e+00
⚠️  WARNING: Near-zero gradients at step 3, first chunk. Max grad magnitude: 0.00e+00
⚠️  WARNING: Near-zero gradients at step 3, first chunk. Max grad magnitude: 0.00e+00
⚠️  WARNING: Near-zero gradients at step 3, first chunk. Max grad magnitude: 0.00e+00
⚠️  WARNING: Near-zero gradients at step 3, first chunk. Max grad magnitude: 0.00e+00
⚠️  WARNING: Near-zero gradients at step 3, first chunk. Max grad magnitude: 0.00e+00
⚠️  WARNING: Near-zero gradients at step 3, first chunk. Max grad magnitude: 0.00e+00
⚠️  WARNING: Near-zero gradients at step 3, first chunk. Max grad magnitude: 0.00e+00
⚠️  WARNING: Near-zero gradients at step 3, first chunk. Max grad magnitude: 0.00e+00
⚠️  WARNING: Near-zero gradients at step 3, first chunk. Max grad magnitude: 0.00e+00
⚠️  WARNING: Near-zero gradients at step 3, first chunk. Max grad magnitude: 0.00e+00
⚠️  WARNING: Near-zero gradients at step 3, first chunk. Max grad magnitude: 0.00e+00
⚠️  WARNING: Near-zero gradients at step 3, first chunk. Max grad magnitude: 0.00e+00
shard 0:  59%|█████▊    | 98/167 [13:58<09:50,  8.56s/it]⚠️  WARNING: Near-zero gradients at step 1, first chunk. Max grad magnitude: 0.00e+00
⚠️  WARNING: Near-zero gradients at step 1, first chunk. Max grad magnitude: 0.00e+00
⚠️  WARNING: Near-zero gradients at step 1, first chunk. Max grad magnitude: 0.00e+00
⚠️  WARNING: Near-zero gradients at step 1, first chunk. Max grad magnitude: 0.00e+00
⚠️  WARNING: Near-zero gradients at step 1, first chunk. Max grad magnitude: 0.00e+00
⚠️  WARNING: Near-zero gradients at step 1, first chunk. Max grad magnitude: 0.00e+00
⚠️  WARNING: Near-zero gradients at step 1, first chunk. Max grad magnitude: 0.00e+00
⚠️  WARNING: Near-zero gradients at step 1, first chunk. Max grad magnitude: 0.00e+00
⚠️  WARNING: Near-zero gradients at step 1, first chunk. Max grad magnitude: 0.00e+00
⚠️  WARNING: Near-zero gradients at step 1, first chunk. Max grad magnitude: 0.00e+00
⚠️  WARNING: Near-zero gradients at step 1, first chunk. Max grad magnitude: 0.00e+00
⚠️  WARNING: Near-zero gradients at step 1, first chunk. Max grad magnitude: 0.00e+00
⚠️  WARNING: Near-zero gradients at step 3, first chunk. Max grad magnitude: 0.00e+00
⚠️  WARNING: Near-zero gradients at step 3, first chunk. Max grad magnitude: 0.00e+00
⚠️  WARNING: Near-zero gradients at step 3, first chunk. Max grad magnitude: 0.00e+00
⚠️  WARNING: Near-zero gradients at step 3, first chunk. Max grad magnitude: 0.00e+00
⚠️  WARNING: Near-zero gradients at step 3, first chunk. Max grad magnitude: 0.00e+00
⚠️  WARNING: Near-zero gradients at step 3, first chunk. Max grad magnitude: 0.00e+00
⚠️  WARNING: Near-zero gradients at step 3, first chunk. Max grad magnitude: 0.00e+00
⚠️  WARNING: Near-zero gradients at step 3, first chunk. Max grad magnitude: 0.00e+00
⚠️  WARNING: Near-zero gradients at step 3, first chunk. Max grad magnitude: 0.00e+00
⚠️  WARNING: Near-zero gradients at step 3, first chunk. Max grad magnitude: 0.00e+00
⚠️  WARNING: Near-zero gradients at step 3, first chunk. Max grad magnitude: 0.00e+00
⚠️  WARNING: Near-zero gradients at step 3, first chunk. Max grad magnitude: 0.00e+00
shard 0:  59%|█████▉    | 99/167 [14:08<10:07,  8.93s/it]⚠️  WARNING: Near-zero gradients at step 1, first chunk. Max grad magnitude: 0.00e+00
⚠️  WARNING: Near-zero gradients at step 1, first chunk. Max grad magnitude: 0.00e+00
⚠️  WARNING: Near-zero gradients at step 1, first chunk. Max grad magnitude: 0.00e+00
⚠️  WARNING: Near-zero gradients at step 1, first chunk. Max grad magnitude: 0.00e+00
⚠️  WARNING: Near-zero gradients at step 1, first chunk. Max grad magnitude: 0.00e+00
⚠️  WARNING: Near-zero gradients at step 1, first chunk. Max grad magnitude: 0.00e+00
⚠️  WARNING: Near-zero gradients at step 1, first chunk. Max grad magnitude: 0.00e+00
⚠️  WARNING: Near-zero gradients at step 1, first chunk. Max grad magnitude: 0.00e+00
⚠️  WARNING: Near-zero gradients at step 1, first chunk. Max grad magnitude: 0.00e+00
⚠️  WARNING: Near-zero gradients at step 1, first chunk. Max grad magnitude: 0.00e+00
⚠️  WARNING: Near-zero gradients at step 1, first chunk. Max grad magnitude: 0.00e+00
⚠️  WARNING: Near-zero gradients at step 1, first chunk. Max grad magnitude: 0.00e+00
shard 0:  60%|█████▉    | 100/167 [14:16<09:29,  8.50s/it]⚠️  WARNING: Near-zero gradients at step 1, first chunk. Max grad magnitude: 0.00e+00
⚠️  WARNING: Near-zero gradients at step 1, first chunk. Max grad magnitude: 0.00e+00
⚠️  WARNING: Near-zero gradients at step 1, first chunk. Max grad magnitude: 0.00e+00
⚠️  WARNING: Near-zero gradients at step 1, first chunk. Max grad magnitude: 0.00e+00
⚠️  WARNING: Near-zero gradients at step 1, first chunk. Max grad magnitude: 0.00e+00
⚠️  WARNING: Near-zero gradients at step 1, first chunk. Max grad magnitude: 0.00e+00
⚠️  WARNING: Near-zero gradients at step 1, first chunk. Max grad magnitude: 0.00e+00
⚠️  WARNING: Near-zero gradients at step 1, first chunk. Max grad magnitude: 0.00e+00
⚠️  WARNING: Near-zero gradients at step 1, first chunk. Max grad magnitude: 0.00e+00
⚠️  WARNING: Near-zero gradients at step 1, first chunk. Max grad magnitude: 0.00e+00
⚠️  WARNING: Near-zero gradients at step 1, first chunk. Max grad magnitude: 0.00e+00
⚠️  WARNING: Near-zero gradients at step 1, first chunk. Max grad magnitude: 0.00e+00
shard 0:  60%|██████    | 101/167 [14:24<09:13,  8.39s/it]⚠️  WARNING: Near-zero gradients at step 1, first chunk. Max grad magnitude: 0.00e+00
⚠️  WARNING: Near-zero gradients at step 1, first chunk. Max grad magnitude: 0.00e+00
⚠️  WARNING: Near-zero gradients at step 1, first chunk. Max grad magnitude: 0.00e+00
⚠️  WARNING: Near-zero gradients at step 1, first chunk. Max grad magnitude: 0.00e+00
⚠️  WARNING: Near-zero gradients at step 1, first chunk. Max grad magnitude: 0.00e+00
⚠️  WARNING: Near-zero gradients at step 1, first chunk. Max grad magnitude: 0.00e+00
⚠️  WARNING: Near-zero gradients at step 1, first chunk. Max grad magnitude: 0.00e+00
⚠️  WARNING: Near-zero gradients at step 1, first chunk. Max grad magnitude: 0.00e+00
⚠️  WARNING: Near-zero gradients at step 1, first chunk. Max grad magnitude: 0.00e+00
⚠️  WARNING: Near-zero gradients at step 1, first chunk. Max grad magnitude: 0.00e+00
⚠️  WARNING: Near-zero gradients at step 1, first chunk. Max grad magnitude: 0.00e+00
⚠️  WARNING: Near-zero gradients at step 1, first chunk. Max grad magnitude: 0.00e+00
shard 0:  61%|██████    | 102/167 [14:32<09:03,  8.36s/it]shard 0:  62%|██████▏   | 103/167 [14:40<08:37,  8.08s/it]shard 0:  62%|██████▏   | 104/167 [14:50<09:05,  8.66s/it]⚠️  WARNING: Near-zero gradients at step 1, first chunk. Max grad magnitude: 0.00e+00
⚠️  WARNING: Near-zero gradients at step 1, first chunk. Max grad magnitude: 0.00e+00
⚠️  WARNING: Near-zero gradients at step 1, first chunk. Max grad magnitude: 0.00e+00
⚠️  WARNING: Near-zero gradients at step 1, first chunk. Max grad magnitude: 0.00e+00
⚠️  WARNING: Near-zero gradients at step 1, first chunk. Max grad magnitude: 0.00e+00
⚠️  WARNING: Near-zero gradients at step 1, first chunk. Max grad magnitude: 0.00e+00
⚠️  WARNING: Near-zero gradients at step 1, first chunk. Max grad magnitude: 0.00e+00
⚠️  WARNING: Near-zero gradients at step 1, first chunk. Max grad magnitude: 0.00e+00
⚠️  WARNING: Near-zero gradients at step 1, first chunk. Max grad magnitude: 0.00e+00
⚠️  WARNING: Near-zero gradients at step 1, first chunk. Max grad magnitude: 0.00e+00
⚠️  WARNING: Near-zero gradients at step 1, first chunk. Max grad magnitude: 0.00e+00
⚠️  WARNING: Near-zero gradients at step 1, first chunk. Max grad magnitude: 0.00e+00
shard 0:  63%|██████▎   | 105/167 [14:58<08:49,  8.55s/it]⚠️  WARNING: Near-zero gradients at step 1, first chunk. Max grad magnitude: 0.00e+00
⚠️  WARNING: Near-zero gradients at step 1, first chunk. Max grad magnitude: 0.00e+00
⚠️  WARNING: Near-zero gradients at step 1, first chunk. Max grad magnitude: 0.00e+00
⚠️  WARNING: Near-zero gradients at step 1, first chunk. Max grad magnitude: 0.00e+00
⚠️  WARNING: Near-zero gradients at step 1, first chunk. Max grad magnitude: 0.00e+00
⚠️  WARNING: Near-zero gradients at step 1, first chunk. Max grad magnitude: 0.00e+00
⚠️  WARNING: Near-zero gradients at step 1, first chunk. Max grad magnitude: 0.00e+00
⚠️  WARNING: Near-zero gradients at step 1, first chunk. Max grad magnitude: 0.00e+00
⚠️  WARNING: Near-zero gradients at step 1, first chunk. Max grad magnitude: 0.00e+00
⚠️  WARNING: Near-zero gradients at step 1, first chunk. Max grad magnitude: 0.00e+00
⚠️  WARNING: Near-zero gradients at step 1, first chunk. Max grad magnitude: 0.00e+00
⚠️  WARNING: Near-zero gradients at step 1, first chunk. Max grad magnitude: 0.00e+00
⚠️  WARNING: Near-zero gradients at step 3, first chunk. Max grad magnitude: 0.00e+00
⚠️  WARNING: Near-zero gradients at step 3, first chunk. Max grad magnitude: 0.00e+00
⚠️  WARNING: Near-zero gradients at step 3, first chunk. Max grad magnitude: 0.00e+00
⚠️  WARNING: Near-zero gradients at step 3, first chunk. Max grad magnitude: 0.00e+00
⚠️  WARNING: Near-zero gradients at step 3, first chunk. Max grad magnitude: 0.00e+00
⚠️  WARNING: Near-zero gradients at step 3, first chunk. Max grad magnitude: 0.00e+00
⚠️  WARNING: Near-zero gradients at step 3, first chunk. Max grad magnitude: 0.00e+00
⚠️  WARNING: Near-zero gradients at step 3, first chunk. Max grad magnitude: 0.00e+00
⚠️  WARNING: Near-zero gradients at step 3, first chunk. Max grad magnitude: 0.00e+00
⚠️  WARNING: Near-zero gradients at step 3, first chunk. Max grad magnitude: 0.00e+00
⚠️  WARNING: Near-zero gradients at step 3, first chunk. Max grad magnitude: 0.00e+00
⚠️  WARNING: Near-zero gradients at step 3, first chunk. Max grad magnitude: 0.00e+00
⚠️  WARNING: Near-zero gradients at step 5, first chunk. Max grad magnitude: 0.00e+00
⚠️  WARNING: Near-zero gradients at step 5, first chunk. Max grad magnitude: 0.00e+00
⚠️  WARNING: Near-zero gradients at step 5, first chunk. Max grad magnitude: 0.00e+00
⚠️  WARNING: Near-zero gradients at step 5, first chunk. Max grad magnitude: 0.00e+00
⚠️  WARNING: Near-zero gradients at step 5, first chunk. Max grad magnitude: 0.00e+00
⚠️  WARNING: Near-zero gradients at step 5, first chunk. Max grad magnitude: 0.00e+00
⚠️  WARNING: Near-zero gradients at step 5, first chunk. Max grad magnitude: 0.00e+00
⚠️  WARNING: Near-zero gradients at step 5, first chunk. Max grad magnitude: 0.00e+00
⚠️  WARNING: Near-zero gradients at step 5, first chunk. Max grad magnitude: 0.00e+00
⚠️  WARNING: Near-zero gradients at step 5, first chunk. Max grad magnitude: 0.00e+00
⚠️  WARNING: Near-zero gradients at step 5, first chunk. Max grad magnitude: 0.00e+00
⚠️  WARNING: Near-zero gradients at step 5, first chunk. Max grad magnitude: 0.00e+00
⚠️  WARNING: Near-zero gradients at step 7, first chunk. Max grad magnitude: 0.00e+00
⚠️  WARNING: Near-zero gradients at step 7, first chunk. Max grad magnitude: 0.00e+00
⚠️  WARNING: Near-zero gradients at step 7, first chunk. Max grad magnitude: 0.00e+00
⚠️  WARNING: Near-zero gradients at step 7, first chunk. Max grad magnitude: 0.00e+00
⚠️  WARNING: Near-zero gradients at step 7, first chunk. Max grad magnitude: 0.00e+00
⚠️  WARNING: Near-zero gradients at step 7, first chunk. Max grad magnitude: 0.00e+00
⚠️  WARNING: Near-zero gradients at step 7, first chunk. Max grad magnitude: 0.00e+00
⚠️  WARNING: Near-zero gradients at step 7, first chunk. Max grad magnitude: 0.00e+00
⚠️  WARNING: Near-zero gradients at step 7, first chunk. Max grad magnitude: 0.00e+00
⚠️  WARNING: Near-zero gradients at step 7, first chunk. Max grad magnitude: 0.00e+00
⚠️  WARNING: Near-zero gradients at step 7, first chunk. Max grad magnitude: 0.00e+00
⚠️  WARNING: Near-zero gradients at step 7, first chunk. Max grad magnitude: 0.00e+00
⚠️  WARNING: Near-zero gradients at step 9, first chunk. Max grad magnitude: 0.00e+00
⚠️  WARNING: Near-zero gradients at step 9, first chunk. Max grad magnitude: 0.00e+00
⚠️  WARNING: Near-zero gradients at step 9, first chunk. Max grad magnitude: 0.00e+00
⚠️  WARNING: Near-zero gradients at step 9, first chunk. Max grad magnitude: 0.00e+00
⚠️  WARNING: Near-zero gradients at step 9, first chunk. Max grad magnitude: 0.00e+00
⚠️  WARNING: Near-zero gradients at step 9, first chunk. Max grad magnitude: 0.00e+00
⚠️  WARNING: Near-zero gradients at step 9, first chunk. Max grad magnitude: 0.00e+00
⚠️  WARNING: Near-zero gradients at step 9, first chunk. Max grad magnitude: 0.00e+00
⚠️  WARNING: Near-zero gradients at step 9, first chunk. Max grad magnitude: 0.00e+00
⚠️  WARNING: Near-zero gradients at step 9, first chunk. Max grad magnitude: 0.00e+00
⚠️  WARNING: Near-zero gradients at step 9, first chunk. Max grad magnitude: 0.00e+00
⚠️  WARNING: Near-zero gradients at step 9, first chunk. Max grad magnitude: 0.00e+00
⚠️  WARNING: Near-zero gradients at step 11, first chunk. Max grad magnitude: 0.00e+00
⚠️  WARNING: Near-zero gradients at step 11, first chunk. Max grad magnitude: 0.00e+00
⚠️  WARNING: Near-zero gradients at step 11, first chunk. Max grad magnitude: 0.00e+00
⚠️  WARNING: Near-zero gradients at step 11, first chunk. Max grad magnitude: 0.00e+00
⚠️  WARNING: Near-zero gradients at step 11, first chunk. Max grad magnitude: 0.00e+00
⚠️  WARNING: Near-zero gradients at step 11, first chunk. Max grad magnitude: 0.00e+00
⚠️  WARNING: Near-zero gradients at step 11, first chunk. Max grad magnitude: 0.00e+00
⚠️  WARNING: Near-zero gradients at step 11, first chunk. Max grad magnitude: 0.00e+00
⚠️  WARNING: Near-zero gradients at step 11, first chunk. Max grad magnitude: 0.00e+00
⚠️  WARNING: Near-zero gradients at step 11, first chunk. Max grad magnitude: 0.00e+00
⚠️  WARNING: Near-zero gradients at step 11, first chunk. Max grad magnitude: 0.00e+00
⚠️  WARNING: Near-zero gradients at step 11, first chunk. Max grad magnitude: 0.00e+00
shard 0:  63%|██████▎   | 106/167 [15:06<08:30,  8.37s/it]⚠️  WARNING: Near-zero gradients at step 1, first chunk. Max grad magnitude: 0.00e+00
⚠️  WARNING: Near-zero gradients at step 1, first chunk. Max grad magnitude: 0.00e+00
⚠️  WARNING: Near-zero gradients at step 1, first chunk. Max grad magnitude: 0.00e+00
⚠️  WARNING: Near-zero gradients at step 1, first chunk. Max grad magnitude: 0.00e+00
⚠️  WARNING: Near-zero gradients at step 1, first chunk. Max grad magnitude: 0.00e+00
⚠️  WARNING: Near-zero gradients at step 1, first chunk. Max grad magnitude: 0.00e+00
⚠️  WARNING: Near-zero gradients at step 1, first chunk. Max grad magnitude: 0.00e+00
⚠️  WARNING: Near-zero gradients at step 1, first chunk. Max grad magnitude: 0.00e+00
⚠️  WARNING: Near-zero gradients at step 1, first chunk. Max grad magnitude: 0.00e+00
⚠️  WARNING: Near-zero gradients at step 1, first chunk. Max grad magnitude: 0.00e+00
⚠️  WARNING: Near-zero gradients at step 1, first chunk. Max grad magnitude: 0.00e+00
⚠️  WARNING: Near-zero gradients at step 1, first chunk. Max grad magnitude: 0.00e+00
⚠️  WARNING: Near-zero gradients at step 3, first chunk. Max grad magnitude: 0.00e+00
⚠️  WARNING: Near-zero gradients at step 3, first chunk. Max grad magnitude: 0.00e+00
⚠️  WARNING: Near-zero gradients at step 3, first chunk. Max grad magnitude: 0.00e+00
⚠️  WARNING: Near-zero gradients at step 3, first chunk. Max grad magnitude: 0.00e+00
⚠️  WARNING: Near-zero gradients at step 3, first chunk. Max grad magnitude: 0.00e+00
⚠️  WARNING: Near-zero gradients at step 3, first chunk. Max grad magnitude: 0.00e+00
⚠️  WARNING: Near-zero gradients at step 3, first chunk. Max grad magnitude: 0.00e+00
⚠️  WARNING: Near-zero gradients at step 3, first chunk. Max grad magnitude: 0.00e+00
⚠️  WARNING: Near-zero gradients at step 3, first chunk. Max grad magnitude: 0.00e+00
⚠️  WARNING: Near-zero gradients at step 3, first chunk. Max grad magnitude: 0.00e+00
⚠️  WARNING: Near-zero gradients at step 3, first chunk. Max grad magnitude: 0.00e+00
⚠️  WARNING: Near-zero gradients at step 3, first chunk. Max grad magnitude: 0.00e+00
⚠️  WARNING: Near-zero gradients at step 5, first chunk. Max grad magnitude: 0.00e+00
⚠️  WARNING: Near-zero gradients at step 5, first chunk. Max grad magnitude: 0.00e+00
⚠️  WARNING: Near-zero gradients at step 5, first chunk. Max grad magnitude: 0.00e+00
⚠️  WARNING: Near-zero gradients at step 5, first chunk. Max grad magnitude: 0.00e+00
⚠️  WARNING: Near-zero gradients at step 5, first chunk. Max grad magnitude: 0.00e+00
⚠️  WARNING: Near-zero gradients at step 5, first chunk. Max grad magnitude: 0.00e+00
⚠️  WARNING: Near-zero gradients at step 5, first chunk. Max grad magnitude: 0.00e+00
⚠️  WARNING: Near-zero gradients at step 5, first chunk. Max grad magnitude: 0.00e+00
⚠️  WARNING: Near-zero gradients at step 5, first chunk. Max grad magnitude: 0.00e+00
⚠️  WARNING: Near-zero gradients at step 5, first chunk. Max grad magnitude: 0.00e+00
⚠️  WARNING: Near-zero gradients at step 5, first chunk. Max grad magnitude: 0.00e+00
⚠️  WARNING: Near-zero gradients at step 5, first chunk. Max grad magnitude: 0.00e+00
shard 0:  64%|██████▍   | 107/167 [15:14<08:17,  8.29s/it]⚠️  WARNING: Near-zero gradients at step 1, first chunk. Max grad magnitude: 0.00e+00
⚠️  WARNING: Near-zero gradients at step 1, first chunk. Max grad magnitude: 0.00e+00
⚠️  WARNING: Near-zero gradients at step 1, first chunk. Max grad magnitude: 0.00e+00
⚠️  WARNING: Near-zero gradients at step 1, first chunk. Max grad magnitude: 0.00e+00
⚠️  WARNING: Near-zero gradients at step 1, first chunk. Max grad magnitude: 0.00e+00
⚠️  WARNING: Near-zero gradients at step 1, first chunk. Max grad magnitude: 0.00e+00
⚠️  WARNING: Near-zero gradients at step 1, first chunk. Max grad magnitude: 0.00e+00
⚠️  WARNING: Near-zero gradients at step 1, first chunk. Max grad magnitude: 0.00e+00
⚠️  WARNING: Near-zero gradients at step 1, first chunk. Max grad magnitude: 0.00e+00
⚠️  WARNING: Near-zero gradients at step 1, first chunk. Max grad magnitude: 0.00e+00
⚠️  WARNING: Near-zero gradients at step 1, first chunk. Max grad magnitude: 0.00e+00
⚠️  WARNING: Near-zero gradients at step 1, first chunk. Max grad magnitude: 0.00e+00
shard 0:  65%|██████▍   | 108/167 [15:24<08:35,  8.73s/it]⚠️  WARNING: Near-zero gradients at step 1, first chunk. Max grad magnitude: 0.00e+00
⚠️  WARNING: Near-zero gradients at step 1, first chunk. Max grad magnitude: 0.00e+00
⚠️  WARNING: Near-zero gradients at step 1, first chunk. Max grad magnitude: 0.00e+00
⚠️  WARNING: Near-zero gradients at step 1, first chunk. Max grad magnitude: 0.00e+00
⚠️  WARNING: Near-zero gradients at step 1, first chunk. Max grad magnitude: 0.00e+00
⚠️  WARNING: Near-zero gradients at step 1, first chunk. Max grad magnitude: 0.00e+00
⚠️  WARNING: Near-zero gradients at step 1, first chunk. Max grad magnitude: 0.00e+00
⚠️  WARNING: Near-zero gradients at step 1, first chunk. Max grad magnitude: 0.00e+00
⚠️  WARNING: Near-zero gradients at step 1, first chunk. Max grad magnitude: 0.00e+00
⚠️  WARNING: Near-zero gradients at step 1, first chunk. Max grad magnitude: 0.00e+00
⚠️  WARNING: Near-zero gradients at step 1, first chunk. Max grad magnitude: 0.00e+00
⚠️  WARNING: Near-zero gradients at step 1, first chunk. Max grad magnitude: 0.00e+00
shard 0:  65%|██████▌   | 109/167 [15:33<08:32,  8.83s/it]⚠️  WARNING: Near-zero gradients at step 1, first chunk. Max grad magnitude: 0.00e+00
⚠️  WARNING: Near-zero gradients at step 1, first chunk. Max grad magnitude: 0.00e+00
⚠️  WARNING: Near-zero gradients at step 1, first chunk. Max grad magnitude: 0.00e+00
⚠️  WARNING: Near-zero gradients at step 1, first chunk. Max grad magnitude: 0.00e+00
⚠️  WARNING: Near-zero gradients at step 1, first chunk. Max grad magnitude: 0.00e+00
⚠️  WARNING: Near-zero gradients at step 1, first chunk. Max grad magnitude: 0.00e+00
⚠️  WARNING: Near-zero gradients at step 1, first chunk. Max grad magnitude: 0.00e+00
⚠️  WARNING: Near-zero gradients at step 1, first chunk. Max grad magnitude: 0.00e+00
⚠️  WARNING: Near-zero gradients at step 1, first chunk. Max grad magnitude: 0.00e+00
⚠️  WARNING: Near-zero gradients at step 1, first chunk. Max grad magnitude: 0.00e+00
⚠️  WARNING: Near-zero gradients at step 1, first chunk. Max grad magnitude: 0.00e+00
⚠️  WARNING: Near-zero gradients at step 1, first chunk. Max grad magnitude: 0.00e+00
⚠️  WARNING: Near-zero gradients at step 3, first chunk. Max grad magnitude: 0.00e+00
⚠️  WARNING: Near-zero gradients at step 3, first chunk. Max grad magnitude: 0.00e+00
⚠️  WARNING: Near-zero gradients at step 3, first chunk. Max grad magnitude: 0.00e+00
⚠️  WARNING: Near-zero gradients at step 3, first chunk. Max grad magnitude: 0.00e+00
⚠️  WARNING: Near-zero gradients at step 3, first chunk. Max grad magnitude: 0.00e+00
⚠️  WARNING: Near-zero gradients at step 3, first chunk. Max grad magnitude: 0.00e+00
⚠️  WARNING: Near-zero gradients at step 3, first chunk. Max grad magnitude: 0.00e+00
⚠️  WARNING: Near-zero gradients at step 3, first chunk. Max grad magnitude: 0.00e+00
⚠️  WARNING: Near-zero gradients at step 3, first chunk. Max grad magnitude: 0.00e+00
⚠️  WARNING: Near-zero gradients at step 3, first chunk. Max grad magnitude: 0.00e+00
⚠️  WARNING: Near-zero gradients at step 3, first chunk. Max grad magnitude: 0.00e+00
⚠️  WARNING: Near-zero gradients at step 3, first chunk. Max grad magnitude: 0.00e+00
⚠️  WARNING: Near-zero gradients at step 5, first chunk. Max grad magnitude: 0.00e+00
⚠️  WARNING: Near-zero gradients at step 5, first chunk. Max grad magnitude: 0.00e+00
⚠️  WARNING: Near-zero gradients at step 5, first chunk. Max grad magnitude: 0.00e+00
⚠️  WARNING: Near-zero gradients at step 5, first chunk. Max grad magnitude: 0.00e+00
⚠️  WARNING: Near-zero gradients at step 5, first chunk. Max grad magnitude: 0.00e+00
⚠️  WARNING: Near-zero gradients at step 5, first chunk. Max grad magnitude: 0.00e+00
⚠️  WARNING: Near-zero gradients at step 5, first chunk. Max grad magnitude: 0.00e+00
⚠️  WARNING: Near-zero gradients at step 5, first chunk. Max grad magnitude: 0.00e+00
⚠️  WARNING: Near-zero gradients at step 5, first chunk. Max grad magnitude: 0.00e+00
⚠️  WARNING: Near-zero gradients at step 5, first chunk. Max grad magnitude: 0.00e+00
⚠️  WARNING: Near-zero gradients at step 5, first chunk. Max grad magnitude: 0.00e+00
⚠️  WARNING: Near-zero gradients at step 5, first chunk. Max grad magnitude: 0.00e+00
⚠️  WARNING: Near-zero gradients at step 7, first chunk. Max grad magnitude: 0.00e+00
⚠️  WARNING: Near-zero gradients at step 7, first chunk. Max grad magnitude: 0.00e+00
⚠️  WARNING: Near-zero gradients at step 7, first chunk. Max grad magnitude: 0.00e+00
⚠️  WARNING: Near-zero gradients at step 7, first chunk. Max grad magnitude: 0.00e+00
⚠️  WARNING: Near-zero gradients at step 7, first chunk. Max grad magnitude: 0.00e+00
⚠️  WARNING: Near-zero gradients at step 7, first chunk. Max grad magnitude: 0.00e+00
⚠️  WARNING: Near-zero gradients at step 7, first chunk. Max grad magnitude: 0.00e+00
⚠️  WARNING: Near-zero gradients at step 7, first chunk. Max grad magnitude: 0.00e+00
⚠️  WARNING: Near-zero gradients at step 7, first chunk. Max grad magnitude: 0.00e+00
⚠️  WARNING: Near-zero gradients at step 7, first chunk. Max grad magnitude: 0.00e+00
⚠️  WARNING: Near-zero gradients at step 7, first chunk. Max grad magnitude: 0.00e+00
⚠️  WARNING: Near-zero gradients at step 7, first chunk. Max grad magnitude: 0.00e+00
shard 0:  66%|██████▌   | 110/167 [15:41<08:09,  8.59s/it]⚠️  WARNING: Near-zero gradients at step 1, first chunk. Max grad magnitude: 0.00e+00
⚠️  WARNING: Near-zero gradients at step 1, first chunk. Max grad magnitude: 0.00e+00
⚠️  WARNING: Near-zero gradients at step 1, first chunk. Max grad magnitude: 0.00e+00
⚠️  WARNING: Near-zero gradients at step 1, first chunk. Max grad magnitude: 0.00e+00
⚠️  WARNING: Near-zero gradients at step 1, first chunk. Max grad magnitude: 0.00e+00
⚠️  WARNING: Near-zero gradients at step 1, first chunk. Max grad magnitude: 0.00e+00
⚠️  WARNING: Near-zero gradients at step 1, first chunk. Max grad magnitude: 0.00e+00
⚠️  WARNING: Near-zero gradients at step 1, first chunk. Max grad magnitude: 0.00e+00
⚠️  WARNING: Near-zero gradients at step 1, first chunk. Max grad magnitude: 0.00e+00
⚠️  WARNING: Near-zero gradients at step 1, first chunk. Max grad magnitude: 0.00e+00
⚠️  WARNING: Near-zero gradients at step 1, first chunk. Max grad magnitude: 0.00e+00
⚠️  WARNING: Near-zero gradients at step 1, first chunk. Max grad magnitude: 0.00e+00
⚠️  WARNING: Near-zero gradients at step 3, first chunk. Max grad magnitude: 0.00e+00
⚠️  WARNING: Near-zero gradients at step 3, first chunk. Max grad magnitude: 0.00e+00
⚠️  WARNING: Near-zero gradients at step 3, first chunk. Max grad magnitude: 0.00e+00
⚠️  WARNING: Near-zero gradients at step 3, first chunk. Max grad magnitude: 0.00e+00
⚠️  WARNING: Near-zero gradients at step 3, first chunk. Max grad magnitude: 0.00e+00
⚠️  WARNING: Near-zero gradients at step 3, first chunk. Max grad magnitude: 0.00e+00
⚠️  WARNING: Near-zero gradients at step 3, first chunk. Max grad magnitude: 0.00e+00
⚠️  WARNING: Near-zero gradients at step 3, first chunk. Max grad magnitude: 0.00e+00
⚠️  WARNING: Near-zero gradients at step 3, first chunk. Max grad magnitude: 0.00e+00
⚠️  WARNING: Near-zero gradients at step 3, first chunk. Max grad magnitude: 0.00e+00
⚠️  WARNING: Near-zero gradients at step 3, first chunk. Max grad magnitude: 0.00e+00
⚠️  WARNING: Near-zero gradients at step 3, first chunk. Max grad magnitude: 0.00e+00
⚠️  WARNING: Near-zero gradients at step 5, first chunk. Max grad magnitude: 0.00e+00
⚠️  WARNING: Near-zero gradients at step 5, first chunk. Max grad magnitude: 0.00e+00
⚠️  WARNING: Near-zero gradients at step 5, first chunk. Max grad magnitude: 0.00e+00
⚠️  WARNING: Near-zero gradients at step 5, first chunk. Max grad magnitude: 0.00e+00
⚠️  WARNING: Near-zero gradients at step 5, first chunk. Max grad magnitude: 0.00e+00
⚠️  WARNING: Near-zero gradients at step 5, first chunk. Max grad magnitude: 0.00e+00
⚠️  WARNING: Near-zero gradients at step 5, first chunk. Max grad magnitude: 0.00e+00
⚠️  WARNING: Near-zero gradients at step 5, first chunk. Max grad magnitude: 0.00e+00
⚠️  WARNING: Near-zero gradients at step 5, first chunk. Max grad magnitude: 0.00e+00
⚠️  WARNING: Near-zero gradients at step 5, first chunk. Max grad magnitude: 0.00e+00
⚠️  WARNING: Near-zero gradients at step 5, first chunk. Max grad magnitude: 0.00e+00
⚠️  WARNING: Near-zero gradients at step 5, first chunk. Max grad magnitude: 0.00e+00
shard 0:  66%|██████▋   | 111/167 [15:49<08:03,  8.64s/it]shard 0:  67%|██████▋   | 112/167 [15:59<08:02,  8.78s/it]shard 0:  68%|██████▊   | 113/167 [16:08<07:56,  8.82s/it]shard 0:  68%|██████▊   | 114/167 [16:17<07:50,  8.87s/it]⚠️  WARNING: Near-zero gradients at step 1, first chunk. Max grad magnitude: 0.00e+00
⚠️  WARNING: Near-zero gradients at step 1, first chunk. Max grad magnitude: 0.00e+00
⚠️  WARNING: Near-zero gradients at step 1, first chunk. Max grad magnitude: 0.00e+00
⚠️  WARNING: Near-zero gradients at step 1, first chunk. Max grad magnitude: 0.00e+00
⚠️  WARNING: Near-zero gradients at step 1, first chunk. Max grad magnitude: 0.00e+00
⚠️  WARNING: Near-zero gradients at step 1, first chunk. Max grad magnitude: 0.00e+00
⚠️  WARNING: Near-zero gradients at step 1, first chunk. Max grad magnitude: 0.00e+00
⚠️  WARNING: Near-zero gradients at step 1, first chunk. Max grad magnitude: 0.00e+00
⚠️  WARNING: Near-zero gradients at step 1, first chunk. Max grad magnitude: 0.00e+00
⚠️  WARNING: Near-zero gradients at step 1, first chunk. Max grad magnitude: 0.00e+00
⚠️  WARNING: Near-zero gradients at step 1, first chunk. Max grad magnitude: 0.00e+00
⚠️  WARNING: Near-zero gradients at step 1, first chunk. Max grad magnitude: 0.00e+00
shard 0:  69%|██████▉   | 115/167 [16:25<07:30,  8.67s/it]⚠️  WARNING: Near-zero gradients at step 1, first chunk. Max grad magnitude: 0.00e+00
⚠️  WARNING: Near-zero gradients at step 1, first chunk. Max grad magnitude: 0.00e+00
⚠️  WARNING: Near-zero gradients at step 1, first chunk. Max grad magnitude: 0.00e+00
⚠️  WARNING: Near-zero gradients at step 1, first chunk. Max grad magnitude: 0.00e+00
⚠️  WARNING: Near-zero gradients at step 1, first chunk. Max grad magnitude: 0.00e+00
⚠️  WARNING: Near-zero gradients at step 1, first chunk. Max grad magnitude: 0.00e+00
⚠️  WARNING: Near-zero gradients at step 1, first chunk. Max grad magnitude: 0.00e+00
⚠️  WARNING: Near-zero gradients at step 1, first chunk. Max grad magnitude: 0.00e+00
⚠️  WARNING: Near-zero gradients at step 1, first chunk. Max grad magnitude: 0.00e+00
⚠️  WARNING: Near-zero gradients at step 1, first chunk. Max grad magnitude: 0.00e+00
⚠️  WARNING: Near-zero gradients at step 1, first chunk. Max grad magnitude: 0.00e+00
⚠️  WARNING: Near-zero gradients at step 1, first chunk. Max grad magnitude: 0.00e+00
⚠️  WARNING: Near-zero gradients at step 3, first chunk. Max grad magnitude: 0.00e+00
⚠️  WARNING: Near-zero gradients at step 3, first chunk. Max grad magnitude: 0.00e+00
⚠️  WARNING: Near-zero gradients at step 3, first chunk. Max grad magnitude: 0.00e+00
⚠️  WARNING: Near-zero gradients at step 3, first chunk. Max grad magnitude: 0.00e+00
⚠️  WARNING: Near-zero gradients at step 3, first chunk. Max grad magnitude: 0.00e+00
⚠️  WARNING: Near-zero gradients at step 3, first chunk. Max grad magnitude: 0.00e+00
⚠️  WARNING: Near-zero gradients at step 3, first chunk. Max grad magnitude: 0.00e+00
⚠️  WARNING: Near-zero gradients at step 3, first chunk. Max grad magnitude: 0.00e+00
⚠️  WARNING: Near-zero gradients at step 3, first chunk. Max grad magnitude: 0.00e+00
⚠️  WARNING: Near-zero gradients at step 3, first chunk. Max grad magnitude: 0.00e+00
⚠️  WARNING: Near-zero gradients at step 3, first chunk. Max grad magnitude: 0.00e+00
⚠️  WARNING: Near-zero gradients at step 3, first chunk. Max grad magnitude: 0.00e+00
⚠️  WARNING: Near-zero gradients at step 5, first chunk. Max grad magnitude: 0.00e+00
⚠️  WARNING: Near-zero gradients at step 5, first chunk. Max grad magnitude: 0.00e+00
⚠️  WARNING: Near-zero gradients at step 5, first chunk. Max grad magnitude: 0.00e+00
⚠️  WARNING: Near-zero gradients at step 5, first chunk. Max grad magnitude: 0.00e+00
⚠️  WARNING: Near-zero gradients at step 5, first chunk. Max grad magnitude: 0.00e+00
⚠️  WARNING: Near-zero gradients at step 5, first chunk. Max grad magnitude: 0.00e+00
⚠️  WARNING: Near-zero gradients at step 5, first chunk. Max grad magnitude: 0.00e+00
⚠️  WARNING: Near-zero gradients at step 5, first chunk. Max grad magnitude: 0.00e+00
⚠️  WARNING: Near-zero gradients at step 5, first chunk. Max grad magnitude: 0.00e+00
⚠️  WARNING: Near-zero gradients at step 5, first chunk. Max grad magnitude: 0.00e+00
⚠️  WARNING: Near-zero gradients at step 5, first chunk. Max grad magnitude: 0.00e+00
⚠️  WARNING: Near-zero gradients at step 5, first chunk. Max grad magnitude: 0.00e+00
shard 0:  69%|██████▉   | 116/167 [16:33<07:14,  8.52s/it]⚠️  WARNING: Near-zero gradients at step 1, first chunk. Max grad magnitude: 0.00e+00
⚠️  WARNING: Near-zero gradients at step 1, first chunk. Max grad magnitude: 0.00e+00
⚠️  WARNING: Near-zero gradients at step 1, first chunk. Max grad magnitude: 0.00e+00
⚠️  WARNING: Near-zero gradients at step 1, first chunk. Max grad magnitude: 0.00e+00
⚠️  WARNING: Near-zero gradients at step 1, first chunk. Max grad magnitude: 0.00e+00
⚠️  WARNING: Near-zero gradients at step 1, first chunk. Max grad magnitude: 0.00e+00
⚠️  WARNING: Near-zero gradients at step 1, first chunk. Max grad magnitude: 0.00e+00
⚠️  WARNING: Near-zero gradients at step 1, first chunk. Max grad magnitude: 0.00e+00
⚠️  WARNING: Near-zero gradients at step 1, first chunk. Max grad magnitude: 0.00e+00
⚠️  WARNING: Near-zero gradients at step 1, first chunk. Max grad magnitude: 0.00e+00
⚠️  WARNING: Near-zero gradients at step 1, first chunk. Max grad magnitude: 0.00e+00
⚠️  WARNING: Near-zero gradients at step 1, first chunk. Max grad magnitude: 0.00e+00
⚠️  WARNING: Near-zero gradients at step 3, first chunk. Max grad magnitude: 0.00e+00
⚠️  WARNING: Near-zero gradients at step 3, first chunk. Max grad magnitude: 0.00e+00
⚠️  WARNING: Near-zero gradients at step 3, first chunk. Max grad magnitude: 0.00e+00
⚠️  WARNING: Near-zero gradients at step 3, first chunk. Max grad magnitude: 0.00e+00
⚠️  WARNING: Near-zero gradients at step 3, first chunk. Max grad magnitude: 0.00e+00
⚠️  WARNING: Near-zero gradients at step 3, first chunk. Max grad magnitude: 0.00e+00
⚠️  WARNING: Near-zero gradients at step 3, first chunk. Max grad magnitude: 0.00e+00
⚠️  WARNING: Near-zero gradients at step 3, first chunk. Max grad magnitude: 0.00e+00
⚠️  WARNING: Near-zero gradients at step 3, first chunk. Max grad magnitude: 0.00e+00
⚠️  WARNING: Near-zero gradients at step 3, first chunk. Max grad magnitude: 0.00e+00
⚠️  WARNING: Near-zero gradients at step 3, first chunk. Max grad magnitude: 0.00e+00
⚠️  WARNING: Near-zero gradients at step 3, first chunk. Max grad magnitude: 0.00e+00
⚠️  WARNING: Near-zero gradients at step 5, first chunk. Max grad magnitude: 0.00e+00
⚠️  WARNING: Near-zero gradients at step 5, first chunk. Max grad magnitude: 0.00e+00
⚠️  WARNING: Near-zero gradients at step 5, first chunk. Max grad magnitude: 0.00e+00
⚠️  WARNING: Near-zero gradients at step 5, first chunk. Max grad magnitude: 0.00e+00
⚠️  WARNING: Near-zero gradients at step 5, first chunk. Max grad magnitude: 0.00e+00
⚠️  WARNING: Near-zero gradients at step 5, first chunk. Max grad magnitude: 0.00e+00
⚠️  WARNING: Near-zero gradients at step 5, first chunk. Max grad magnitude: 0.00e+00
⚠️  WARNING: Near-zero gradients at step 5, first chunk. Max grad magnitude: 0.00e+00
⚠️  WARNING: Near-zero gradients at step 5, first chunk. Max grad magnitude: 0.00e+00
⚠️  WARNING: Near-zero gradients at step 5, first chunk. Max grad magnitude: 0.00e+00
⚠️  WARNING: Near-zero gradients at step 5, first chunk. Max grad magnitude: 0.00e+00
⚠️  WARNING: Near-zero gradients at step 5, first chunk. Max grad magnitude: 0.00e+00
⚠️  WARNING: Near-zero gradients at step 7, first chunk. Max grad magnitude: 0.00e+00
⚠️  WARNING: Near-zero gradients at step 7, first chunk. Max grad magnitude: 0.00e+00
⚠️  WARNING: Near-zero gradients at step 7, first chunk. Max grad magnitude: 0.00e+00
⚠️  WARNING: Near-zero gradients at step 7, first chunk. Max grad magnitude: 0.00e+00
⚠️  WARNING: Near-zero gradients at step 7, first chunk. Max grad magnitude: 0.00e+00
⚠️  WARNING: Near-zero gradients at step 7, first chunk. Max grad magnitude: 0.00e+00
⚠️  WARNING: Near-zero gradients at step 7, first chunk. Max grad magnitude: 0.00e+00
⚠️  WARNING: Near-zero gradients at step 7, first chunk. Max grad magnitude: 0.00e+00
⚠️  WARNING: Near-zero gradients at step 7, first chunk. Max grad magnitude: 0.00e+00
⚠️  WARNING: Near-zero gradients at step 7, first chunk. Max grad magnitude: 0.00e+00
⚠️  WARNING: Near-zero gradients at step 7, first chunk. Max grad magnitude: 0.00e+00
⚠️  WARNING: Near-zero gradients at step 7, first chunk. Max grad magnitude: 0.00e+00
shard 0:  70%|███████   | 117/167 [16:46<08:15,  9.91s/it]⚠️  WARNING: Near-zero gradients at step 1, first chunk. Max grad magnitude: 0.00e+00
⚠️  WARNING: Near-zero gradients at step 1, first chunk. Max grad magnitude: 0.00e+00
⚠️  WARNING: Near-zero gradients at step 1, first chunk. Max grad magnitude: 0.00e+00
⚠️  WARNING: Near-zero gradients at step 1, first chunk. Max grad magnitude: 0.00e+00
⚠️  WARNING: Near-zero gradients at step 1, first chunk. Max grad magnitude: 0.00e+00
⚠️  WARNING: Near-zero gradients at step 1, first chunk. Max grad magnitude: 0.00e+00
⚠️  WARNING: Near-zero gradients at step 1, first chunk. Max grad magnitude: 0.00e+00
⚠️  WARNING: Near-zero gradients at step 1, first chunk. Max grad magnitude: 0.00e+00
⚠️  WARNING: Near-zero gradients at step 1, first chunk. Max grad magnitude: 0.00e+00
⚠️  WARNING: Near-zero gradients at step 1, first chunk. Max grad magnitude: 0.00e+00
⚠️  WARNING: Near-zero gradients at step 1, first chunk. Max grad magnitude: 0.00e+00
⚠️  WARNING: Near-zero gradients at step 1, first chunk. Max grad magnitude: 0.00e+00
shard 0:  71%|███████   | 118/167 [16:55<07:49,  9.58s/it]shard 0:  71%|███████▏  | 119/167 [17:04<07:32,  9.42s/it]⚠️  WARNING: Near-zero gradients at step 1, first chunk. Max grad magnitude: 0.00e+00
⚠️  WARNING: Near-zero gradients at step 1, first chunk. Max grad magnitude: 0.00e+00
⚠️  WARNING: Near-zero gradients at step 1, first chunk. Max grad magnitude: 0.00e+00
⚠️  WARNING: Near-zero gradients at step 1, first chunk. Max grad magnitude: 0.00e+00
⚠️  WARNING: Near-zero gradients at step 1, first chunk. Max grad magnitude: 0.00e+00
⚠️  WARNING: Near-zero gradients at step 1, first chunk. Max grad magnitude: 0.00e+00
⚠️  WARNING: Near-zero gradients at step 1, first chunk. Max grad magnitude: 0.00e+00
⚠️  WARNING: Near-zero gradients at step 1, first chunk. Max grad magnitude: 0.00e+00
⚠️  WARNING: Near-zero gradients at step 1, first chunk. Max grad magnitude: 0.00e+00
⚠️  WARNING: Near-zero gradients at step 1, first chunk. Max grad magnitude: 0.00e+00
⚠️  WARNING: Near-zero gradients at step 1, first chunk. Max grad magnitude: 0.00e+00
⚠️  WARNING: Near-zero gradients at step 1, first chunk. Max grad magnitude: 0.00e+00
shard 0:  72%|███████▏  | 120/167 [17:11<06:52,  8.78s/it]⚠️  WARNING: Near-zero gradients at step 1, first chunk. Max grad magnitude: 0.00e+00
⚠️  WARNING: Near-zero gradients at step 1, first chunk. Max grad magnitude: 0.00e+00
⚠️  WARNING: Near-zero gradients at step 1, first chunk. Max grad magnitude: 0.00e+00
⚠️  WARNING: Near-zero gradients at step 1, first chunk. Max grad magnitude: 0.00e+00
⚠️  WARNING: Near-zero gradients at step 1, first chunk. Max grad magnitude: 0.00e+00
⚠️  WARNING: Near-zero gradients at step 1, first chunk. Max grad magnitude: 0.00e+00
⚠️  WARNING: Near-zero gradients at step 1, first chunk. Max grad magnitude: 0.00e+00
⚠️  WARNING: Near-zero gradients at step 1, first chunk. Max grad magnitude: 0.00e+00
⚠️  WARNING: Near-zero gradients at step 1, first chunk. Max grad magnitude: 0.00e+00
⚠️  WARNING: Near-zero gradients at step 1, first chunk. Max grad magnitude: 0.00e+00
⚠️  WARNING: Near-zero gradients at step 1, first chunk. Max grad magnitude: 0.00e+00
⚠️  WARNING: Near-zero gradients at step 1, first chunk. Max grad magnitude: 0.00e+00
⚠️  WARNING: Near-zero gradients at step 3, first chunk. Max grad magnitude: 0.00e+00
⚠️  WARNING: Near-zero gradients at step 3, first chunk. Max grad magnitude: 0.00e+00
⚠️  WARNING: Near-zero gradients at step 3, first chunk. Max grad magnitude: 0.00e+00
⚠️  WARNING: Near-zero gradients at step 3, first chunk. Max grad magnitude: 0.00e+00
⚠️  WARNING: Near-zero gradients at step 3, first chunk. Max grad magnitude: 0.00e+00
⚠️  WARNING: Near-zero gradients at step 3, first chunk. Max grad magnitude: 0.00e+00
⚠️  WARNING: Near-zero gradients at step 3, first chunk. Max grad magnitude: 0.00e+00
⚠️  WARNING: Near-zero gradients at step 3, first chunk. Max grad magnitude: 0.00e+00
⚠️  WARNING: Near-zero gradients at step 3, first chunk. Max grad magnitude: 0.00e+00
⚠️  WARNING: Near-zero gradients at step 3, first chunk. Max grad magnitude: 0.00e+00
⚠️  WARNING: Near-zero gradients at step 3, first chunk. Max grad magnitude: 0.00e+00
⚠️  WARNING: Near-zero gradients at step 3, first chunk. Max grad magnitude: 0.00e+00
shard 0:  72%|███████▏  | 121/167 [17:21<06:56,  9.06s/it]⚠️  WARNING: Near-zero gradients at step 1, first chunk. Max grad magnitude: 0.00e+00
⚠️  WARNING: Near-zero gradients at step 1, first chunk. Max grad magnitude: 0.00e+00
⚠️  WARNING: Near-zero gradients at step 1, first chunk. Max grad magnitude: 0.00e+00
⚠️  WARNING: Near-zero gradients at step 1, first chunk. Max grad magnitude: 0.00e+00
⚠️  WARNING: Near-zero gradients at step 1, first chunk. Max grad magnitude: 0.00e+00
⚠️  WARNING: Near-zero gradients at step 1, first chunk. Max grad magnitude: 0.00e+00
⚠️  WARNING: Near-zero gradients at step 1, first chunk. Max grad magnitude: 0.00e+00
⚠️  WARNING: Near-zero gradients at step 1, first chunk. Max grad magnitude: 0.00e+00
⚠️  WARNING: Near-zero gradients at step 1, first chunk. Max grad magnitude: 0.00e+00
⚠️  WARNING: Near-zero gradients at step 1, first chunk. Max grad magnitude: 0.00e+00
⚠️  WARNING: Near-zero gradients at step 1, first chunk. Max grad magnitude: 0.00e+00
⚠️  WARNING: Near-zero gradients at step 1, first chunk. Max grad magnitude: 0.00e+00
shard 0:  73%|███████▎  | 122/167 [17:29<06:36,  8.82s/it]⚠️  WARNING: Near-zero gradients at step 1, first chunk. Max grad magnitude: 0.00e+00
⚠️  WARNING: Near-zero gradients at step 1, first chunk. Max grad magnitude: 0.00e+00
⚠️  WARNING: Near-zero gradients at step 1, first chunk. Max grad magnitude: 0.00e+00
⚠️  WARNING: Near-zero gradients at step 1, first chunk. Max grad magnitude: 0.00e+00
⚠️  WARNING: Near-zero gradients at step 1, first chunk. Max grad magnitude: 0.00e+00
⚠️  WARNING: Near-zero gradients at step 1, first chunk. Max grad magnitude: 0.00e+00
⚠️  WARNING: Near-zero gradients at step 1, first chunk. Max grad magnitude: 0.00e+00
⚠️  WARNING: Near-zero gradients at step 1, first chunk. Max grad magnitude: 0.00e+00
⚠️  WARNING: Near-zero gradients at step 1, first chunk. Max grad magnitude: 0.00e+00
⚠️  WARNING: Near-zero gradients at step 1, first chunk. Max grad magnitude: 0.00e+00
⚠️  WARNING: Near-zero gradients at step 1, first chunk. Max grad magnitude: 0.00e+00
⚠️  WARNING: Near-zero gradients at step 1, first chunk. Max grad magnitude: 0.00e+00
⚠️  WARNING: Near-zero gradients at step 3, first chunk. Max grad magnitude: 0.00e+00
⚠️  WARNING: Near-zero gradients at step 3, first chunk. Max grad magnitude: 0.00e+00
⚠️  WARNING: Near-zero gradients at step 3, first chunk. Max grad magnitude: 0.00e+00
⚠️  WARNING: Near-zero gradients at step 3, first chunk. Max grad magnitude: 0.00e+00
⚠️  WARNING: Near-zero gradients at step 3, first chunk. Max grad magnitude: 0.00e+00
⚠️  WARNING: Near-zero gradients at step 3, first chunk. Max grad magnitude: 0.00e+00
⚠️  WARNING: Near-zero gradients at step 3, first chunk. Max grad magnitude: 0.00e+00
⚠️  WARNING: Near-zero gradients at step 3, first chunk. Max grad magnitude: 0.00e+00
⚠️  WARNING: Near-zero gradients at step 3, first chunk. Max grad magnitude: 0.00e+00
⚠️  WARNING: Near-zero gradients at step 3, first chunk. Max grad magnitude: 0.00e+00
⚠️  WARNING: Near-zero gradients at step 3, first chunk. Max grad magnitude: 0.00e+00
⚠️  WARNING: Near-zero gradients at step 3, first chunk. Max grad magnitude: 0.00e+00
shard 0:  74%|███████▎  | 123/167 [17:37<06:17,  8.57s/it]⚠️  WARNING: Near-zero gradients at step 1, first chunk. Max grad magnitude: 0.00e+00
⚠️  WARNING: Near-zero gradients at step 1, first chunk. Max grad magnitude: 0.00e+00
⚠️  WARNING: Near-zero gradients at step 1, first chunk. Max grad magnitude: 0.00e+00
⚠️  WARNING: Near-zero gradients at step 1, first chunk. Max grad magnitude: 0.00e+00
⚠️  WARNING: Near-zero gradients at step 1, first chunk. Max grad magnitude: 0.00e+00
⚠️  WARNING: Near-zero gradients at step 1, first chunk. Max grad magnitude: 0.00e+00
⚠️  WARNING: Near-zero gradients at step 1, first chunk. Max grad magnitude: 0.00e+00
⚠️  WARNING: Near-zero gradients at step 1, first chunk. Max grad magnitude: 0.00e+00
⚠️  WARNING: Near-zero gradients at step 1, first chunk. Max grad magnitude: 0.00e+00
⚠️  WARNING: Near-zero gradients at step 1, first chunk. Max grad magnitude: 0.00e+00
⚠️  WARNING: Near-zero gradients at step 1, first chunk. Max grad magnitude: 0.00e+00
⚠️  WARNING: Near-zero gradients at step 1, first chunk. Max grad magnitude: 0.00e+00
⚠️  WARNING: Near-zero gradients at step 3, first chunk. Max grad magnitude: 0.00e+00
⚠️  WARNING: Near-zero gradients at step 3, first chunk. Max grad magnitude: 0.00e+00
⚠️  WARNING: Near-zero gradients at step 3, first chunk. Max grad magnitude: 0.00e+00
⚠️  WARNING: Near-zero gradients at step 3, first chunk. Max grad magnitude: 0.00e+00
⚠️  WARNING: Near-zero gradients at step 3, first chunk. Max grad magnitude: 0.00e+00
⚠️  WARNING: Near-zero gradients at step 3, first chunk. Max grad magnitude: 0.00e+00
⚠️  WARNING: Near-zero gradients at step 3, first chunk. Max grad magnitude: 0.00e+00
⚠️  WARNING: Near-zero gradients at step 3, first chunk. Max grad magnitude: 0.00e+00
⚠️  WARNING: Near-zero gradients at step 3, first chunk. Max grad magnitude: 0.00e+00
⚠️  WARNING: Near-zero gradients at step 3, first chunk. Max grad magnitude: 0.00e+00
⚠️  WARNING: Near-zero gradients at step 3, first chunk. Max grad magnitude: 0.00e+00
⚠️  WARNING: Near-zero gradients at step 3, first chunk. Max grad magnitude: 0.00e+00
shard 0:  74%|███████▍  | 124/167 [17:44<05:45,  8.03s/it]⚠️  WARNING: Near-zero gradients at step 1, first chunk. Max grad magnitude: 0.00e+00
⚠️  WARNING: Near-zero gradients at step 1, first chunk. Max grad magnitude: 0.00e+00
⚠️  WARNING: Near-zero gradients at step 1, first chunk. Max grad magnitude: 0.00e+00
⚠️  WARNING: Near-zero gradients at step 1, first chunk. Max grad magnitude: 0.00e+00
⚠️  WARNING: Near-zero gradients at step 1, first chunk. Max grad magnitude: 0.00e+00
⚠️  WARNING: Near-zero gradients at step 1, first chunk. Max grad magnitude: 0.00e+00
⚠️  WARNING: Near-zero gradients at step 1, first chunk. Max grad magnitude: 0.00e+00
⚠️  WARNING: Near-zero gradients at step 1, first chunk. Max grad magnitude: 0.00e+00
⚠️  WARNING: Near-zero gradients at step 1, first chunk. Max grad magnitude: 0.00e+00
⚠️  WARNING: Near-zero gradients at step 1, first chunk. Max grad magnitude: 0.00e+00
⚠️  WARNING: Near-zero gradients at step 1, first chunk. Max grad magnitude: 0.00e+00
⚠️  WARNING: Near-zero gradients at step 1, first chunk. Max grad magnitude: 0.00e+00
⚠️  WARNING: Near-zero gradients at step 3, first chunk. Max grad magnitude: 0.00e+00
⚠️  WARNING: Near-zero gradients at step 3, first chunk. Max grad magnitude: 0.00e+00
⚠️  WARNING: Near-zero gradients at step 3, first chunk. Max grad magnitude: 0.00e+00
⚠️  WARNING: Near-zero gradients at step 3, first chunk. Max grad magnitude: 0.00e+00
⚠️  WARNING: Near-zero gradients at step 3, first chunk. Max grad magnitude: 0.00e+00
⚠️  WARNING: Near-zero gradients at step 3, first chunk. Max grad magnitude: 0.00e+00
⚠️  WARNING: Near-zero gradients at step 3, first chunk. Max grad magnitude: 0.00e+00
⚠️  WARNING: Near-zero gradients at step 3, first chunk. Max grad magnitude: 0.00e+00
⚠️  WARNING: Near-zero gradients at step 3, first chunk. Max grad magnitude: 0.00e+00
⚠️  WARNING: Near-zero gradients at step 3, first chunk. Max grad magnitude: 0.00e+00
⚠️  WARNING: Near-zero gradients at step 3, first chunk. Max grad magnitude: 0.00e+00
⚠️  WARNING: Near-zero gradients at step 3, first chunk. Max grad magnitude: 0.00e+00
shard 0:  75%|███████▍  | 125/167 [17:52<05:39,  8.08s/it]shard 0:  75%|███████▌  | 126/167 [18:00<05:34,  8.16s/it]⚠️  WARNING: Near-zero gradients at step 1, first chunk. Max grad magnitude: 0.00e+00
⚠️  WARNING: Near-zero gradients at step 1, first chunk. Max grad magnitude: 0.00e+00
⚠️  WARNING: Near-zero gradients at step 1, first chunk. Max grad magnitude: 0.00e+00
⚠️  WARNING: Near-zero gradients at step 1, first chunk. Max grad magnitude: 0.00e+00
⚠️  WARNING: Near-zero gradients at step 1, first chunk. Max grad magnitude: 0.00e+00
⚠️  WARNING: Near-zero gradients at step 1, first chunk. Max grad magnitude: 0.00e+00
⚠️  WARNING: Near-zero gradients at step 1, first chunk. Max grad magnitude: 0.00e+00
⚠️  WARNING: Near-zero gradients at step 1, first chunk. Max grad magnitude: 0.00e+00
⚠️  WARNING: Near-zero gradients at step 1, first chunk. Max grad magnitude: 0.00e+00
⚠️  WARNING: Near-zero gradients at step 1, first chunk. Max grad magnitude: 0.00e+00
⚠️  WARNING: Near-zero gradients at step 1, first chunk. Max grad magnitude: 0.00e+00
⚠️  WARNING: Near-zero gradients at step 1, first chunk. Max grad magnitude: 0.00e+00
shard 0:  76%|███████▌  | 127/167 [18:09<05:26,  8.15s/it]⚠️  WARNING: Near-zero gradients at step 1, first chunk. Max grad magnitude: 0.00e+00
⚠️  WARNING: Near-zero gradients at step 1, first chunk. Max grad magnitude: 0.00e+00
⚠️  WARNING: Near-zero gradients at step 1, first chunk. Max grad magnitude: 0.00e+00
⚠️  WARNING: Near-zero gradients at step 1, first chunk. Max grad magnitude: 0.00e+00
⚠️  WARNING: Near-zero gradients at step 1, first chunk. Max grad magnitude: 0.00e+00
⚠️  WARNING: Near-zero gradients at step 1, first chunk. Max grad magnitude: 0.00e+00
⚠️  WARNING: Near-zero gradients at step 1, first chunk. Max grad magnitude: 0.00e+00
⚠️  WARNING: Near-zero gradients at step 1, first chunk. Max grad magnitude: 0.00e+00
⚠️  WARNING: Near-zero gradients at step 1, first chunk. Max grad magnitude: 0.00e+00
⚠️  WARNING: Near-zero gradients at step 1, first chunk. Max grad magnitude: 0.00e+00
⚠️  WARNING: Near-zero gradients at step 1, first chunk. Max grad magnitude: 0.00e+00
⚠️  WARNING: Near-zero gradients at step 1, first chunk. Max grad magnitude: 0.00e+00
⚠️  WARNING: Near-zero gradients at step 3, first chunk. Max grad magnitude: 0.00e+00
⚠️  WARNING: Near-zero gradients at step 3, first chunk. Max grad magnitude: 0.00e+00
⚠️  WARNING: Near-zero gradients at step 3, first chunk. Max grad magnitude: 0.00e+00
⚠️  WARNING: Near-zero gradients at step 3, first chunk. Max grad magnitude: 0.00e+00
⚠️  WARNING: Near-zero gradients at step 3, first chunk. Max grad magnitude: 0.00e+00
⚠️  WARNING: Near-zero gradients at step 3, first chunk. Max grad magnitude: 0.00e+00
⚠️  WARNING: Near-zero gradients at step 3, first chunk. Max grad magnitude: 0.00e+00
⚠️  WARNING: Near-zero gradients at step 3, first chunk. Max grad magnitude: 0.00e+00
⚠️  WARNING: Near-zero gradients at step 3, first chunk. Max grad magnitude: 0.00e+00
⚠️  WARNING: Near-zero gradients at step 3, first chunk. Max grad magnitude: 0.00e+00
⚠️  WARNING: Near-zero gradients at step 3, first chunk. Max grad magnitude: 0.00e+00
⚠️  WARNING: Near-zero gradients at step 3, first chunk. Max grad magnitude: 0.00e+00
shard 0:  77%|███████▋  | 128/167 [18:17<05:18,  8.17s/it]⚠️  WARNING: Near-zero gradients at step 1, first chunk. Max grad magnitude: 0.00e+00
⚠️  WARNING: Near-zero gradients at step 1, first chunk. Max grad magnitude: 0.00e+00
⚠️  WARNING: Near-zero gradients at step 1, first chunk. Max grad magnitude: 0.00e+00
⚠️  WARNING: Near-zero gradients at step 1, first chunk. Max grad magnitude: 0.00e+00
⚠️  WARNING: Near-zero gradients at step 1, first chunk. Max grad magnitude: 0.00e+00
⚠️  WARNING: Near-zero gradients at step 1, first chunk. Max grad magnitude: 0.00e+00
⚠️  WARNING: Near-zero gradients at step 1, first chunk. Max grad magnitude: 0.00e+00
⚠️  WARNING: Near-zero gradients at step 1, first chunk. Max grad magnitude: 0.00e+00
⚠️  WARNING: Near-zero gradients at step 1, first chunk. Max grad magnitude: 0.00e+00
⚠️  WARNING: Near-zero gradients at step 1, first chunk. Max grad magnitude: 0.00e+00
⚠️  WARNING: Near-zero gradients at step 1, first chunk. Max grad magnitude: 0.00e+00
⚠️  WARNING: Near-zero gradients at step 1, first chunk. Max grad magnitude: 0.00e+00
shard 0:  77%|███████▋  | 129/167 [18:27<05:28,  8.66s/it]shard 0:  78%|███████▊  | 130/167 [18:35<05:15,  8.52s/it]⚠️  WARNING: Near-zero gradients at step 1, first chunk. Max grad magnitude: 0.00e+00
⚠️  WARNING: Near-zero gradients at step 1, first chunk. Max grad magnitude: 0.00e+00
⚠️  WARNING: Near-zero gradients at step 1, first chunk. Max grad magnitude: 0.00e+00
⚠️  WARNING: Near-zero gradients at step 1, first chunk. Max grad magnitude: 0.00e+00
⚠️  WARNING: Near-zero gradients at step 1, first chunk. Max grad magnitude: 0.00e+00
⚠️  WARNING: Near-zero gradients at step 1, first chunk. Max grad magnitude: 0.00e+00
⚠️  WARNING: Near-zero gradients at step 1, first chunk. Max grad magnitude: 0.00e+00
⚠️  WARNING: Near-zero gradients at step 1, first chunk. Max grad magnitude: 0.00e+00
⚠️  WARNING: Near-zero gradients at step 1, first chunk. Max grad magnitude: 0.00e+00
⚠️  WARNING: Near-zero gradients at step 1, first chunk. Max grad magnitude: 0.00e+00
⚠️  WARNING: Near-zero gradients at step 1, first chunk. Max grad magnitude: 0.00e+00
⚠️  WARNING: Near-zero gradients at step 1, first chunk. Max grad magnitude: 0.00e+00
⚠️  WARNING: Near-zero gradients at step 3, first chunk. Max grad magnitude: 0.00e+00
⚠️  WARNING: Near-zero gradients at step 3, first chunk. Max grad magnitude: 0.00e+00
⚠️  WARNING: Near-zero gradients at step 3, first chunk. Max grad magnitude: 0.00e+00
⚠️  WARNING: Near-zero gradients at step 3, first chunk. Max grad magnitude: 0.00e+00
⚠️  WARNING: Near-zero gradients at step 3, first chunk. Max grad magnitude: 0.00e+00
⚠️  WARNING: Near-zero gradients at step 3, first chunk. Max grad magnitude: 0.00e+00
⚠️  WARNING: Near-zero gradients at step 3, first chunk. Max grad magnitude: 0.00e+00
⚠️  WARNING: Near-zero gradients at step 3, first chunk. Max grad magnitude: 0.00e+00
⚠️  WARNING: Near-zero gradients at step 3, first chunk. Max grad magnitude: 0.00e+00
⚠️  WARNING: Near-zero gradients at step 3, first chunk. Max grad magnitude: 0.00e+00
⚠️  WARNING: Near-zero gradients at step 3, first chunk. Max grad magnitude: 0.00e+00
⚠️  WARNING: Near-zero gradients at step 3, first chunk. Max grad magnitude: 0.00e+00
⚠️  WARNING: Near-zero gradients at step 5, first chunk. Max grad magnitude: 0.00e+00
⚠️  WARNING: Near-zero gradients at step 5, first chunk. Max grad magnitude: 0.00e+00
⚠️  WARNING: Near-zero gradients at step 5, first chunk. Max grad magnitude: 0.00e+00
⚠️  WARNING: Near-zero gradients at step 5, first chunk. Max grad magnitude: 0.00e+00
⚠️  WARNING: Near-zero gradients at step 5, first chunk. Max grad magnitude: 0.00e+00
⚠️  WARNING: Near-zero gradients at step 5, first chunk. Max grad magnitude: 0.00e+00
⚠️  WARNING: Near-zero gradients at step 5, first chunk. Max grad magnitude: 0.00e+00
⚠️  WARNING: Near-zero gradients at step 5, first chunk. Max grad magnitude: 0.00e+00
⚠️  WARNING: Near-zero gradients at step 5, first chunk. Max grad magnitude: 0.00e+00
⚠️  WARNING: Near-zero gradients at step 5, first chunk. Max grad magnitude: 0.00e+00
⚠️  WARNING: Near-zero gradients at step 5, first chunk. Max grad magnitude: 0.00e+00
⚠️  WARNING: Near-zero gradients at step 5, first chunk. Max grad magnitude: 0.00e+00
shard 0:  78%|███████▊  | 131/167 [18:42<04:54,  8.17s/it]⚠️  WARNING: Near-zero gradients at step 1, first chunk. Max grad magnitude: 0.00e+00
⚠️  WARNING: Near-zero gradients at step 1, first chunk. Max grad magnitude: 0.00e+00
⚠️  WARNING: Near-zero gradients at step 1, first chunk. Max grad magnitude: 0.00e+00
⚠️  WARNING: Near-zero gradients at step 1, first chunk. Max grad magnitude: 0.00e+00
⚠️  WARNING: Near-zero gradients at step 1, first chunk. Max grad magnitude: 0.00e+00
⚠️  WARNING: Near-zero gradients at step 1, first chunk. Max grad magnitude: 0.00e+00
⚠️  WARNING: Near-zero gradients at step 1, first chunk. Max grad magnitude: 0.00e+00
⚠️  WARNING: Near-zero gradients at step 1, first chunk. Max grad magnitude: 0.00e+00
⚠️  WARNING: Near-zero gradients at step 1, first chunk. Max grad magnitude: 0.00e+00
⚠️  WARNING: Near-zero gradients at step 1, first chunk. Max grad magnitude: 0.00e+00
⚠️  WARNING: Near-zero gradients at step 1, first chunk. Max grad magnitude: 0.00e+00
⚠️  WARNING: Near-zero gradients at step 1, first chunk. Max grad magnitude: 0.00e+00
⚠️  WARNING: Near-zero gradients at step 3, first chunk. Max grad magnitude: 0.00e+00
⚠️  WARNING: Near-zero gradients at step 3, first chunk. Max grad magnitude: 0.00e+00
⚠️  WARNING: Near-zero gradients at step 3, first chunk. Max grad magnitude: 0.00e+00
⚠️  WARNING: Near-zero gradients at step 3, first chunk. Max grad magnitude: 0.00e+00
⚠️  WARNING: Near-zero gradients at step 3, first chunk. Max grad magnitude: 0.00e+00
⚠️  WARNING: Near-zero gradients at step 3, first chunk. Max grad magnitude: 0.00e+00
⚠️  WARNING: Near-zero gradients at step 3, first chunk. Max grad magnitude: 0.00e+00
⚠️  WARNING: Near-zero gradients at step 3, first chunk. Max grad magnitude: 0.00e+00
⚠️  WARNING: Near-zero gradients at step 3, first chunk. Max grad magnitude: 0.00e+00
⚠️  WARNING: Near-zero gradients at step 3, first chunk. Max grad magnitude: 0.00e+00
⚠️  WARNING: Near-zero gradients at step 3, first chunk. Max grad magnitude: 0.00e+00
⚠️  WARNING: Near-zero gradients at step 3, first chunk. Max grad magnitude: 0.00e+00
shard 0:  79%|███████▉  | 132/167 [18:50<04:45,  8.15s/it]⚠️  WARNING: Near-zero gradients at step 1, first chunk. Max grad magnitude: 0.00e+00
⚠️  WARNING: Near-zero gradients at step 1, first chunk. Max grad magnitude: 0.00e+00
⚠️  WARNING: Near-zero gradients at step 1, first chunk. Max grad magnitude: 0.00e+00
⚠️  WARNING: Near-zero gradients at step 1, first chunk. Max grad magnitude: 0.00e+00
⚠️  WARNING: Near-zero gradients at step 1, first chunk. Max grad magnitude: 0.00e+00
⚠️  WARNING: Near-zero gradients at step 1, first chunk. Max grad magnitude: 0.00e+00
⚠️  WARNING: Near-zero gradients at step 1, first chunk. Max grad magnitude: 0.00e+00
⚠️  WARNING: Near-zero gradients at step 1, first chunk. Max grad magnitude: 0.00e+00
⚠️  WARNING: Near-zero gradients at step 1, first chunk. Max grad magnitude: 0.00e+00
⚠️  WARNING: Near-zero gradients at step 1, first chunk. Max grad magnitude: 0.00e+00
⚠️  WARNING: Near-zero gradients at step 1, first chunk. Max grad magnitude: 0.00e+00
⚠️  WARNING: Near-zero gradients at step 1, first chunk. Max grad magnitude: 0.00e+00
shard 0:  80%|███████▉  | 133/167 [18:59<04:39,  8.21s/it]⚠️  WARNING: Near-zero gradients at step 1, first chunk. Max grad magnitude: 0.00e+00
⚠️  WARNING: Near-zero gradients at step 1, first chunk. Max grad magnitude: 0.00e+00
⚠️  WARNING: Near-zero gradients at step 1, first chunk. Max grad magnitude: 0.00e+00
⚠️  WARNING: Near-zero gradients at step 1, first chunk. Max grad magnitude: 0.00e+00
⚠️  WARNING: Near-zero gradients at step 1, first chunk. Max grad magnitude: 0.00e+00
⚠️  WARNING: Near-zero gradients at step 1, first chunk. Max grad magnitude: 0.00e+00
⚠️  WARNING: Near-zero gradients at step 1, first chunk. Max grad magnitude: 0.00e+00
⚠️  WARNING: Near-zero gradients at step 1, first chunk. Max grad magnitude: 0.00e+00
⚠️  WARNING: Near-zero gradients at step 1, first chunk. Max grad magnitude: 0.00e+00
⚠️  WARNING: Near-zero gradients at step 1, first chunk. Max grad magnitude: 0.00e+00
⚠️  WARNING: Near-zero gradients at step 1, first chunk. Max grad magnitude: 0.00e+00
⚠️  WARNING: Near-zero gradients at step 1, first chunk. Max grad magnitude: 0.00e+00
⚠️  WARNING: Near-zero gradients at step 3, first chunk. Max grad magnitude: 0.00e+00
⚠️  WARNING: Near-zero gradients at step 3, first chunk. Max grad magnitude: 0.00e+00
⚠️  WARNING: Near-zero gradients at step 3, first chunk. Max grad magnitude: 0.00e+00
⚠️  WARNING: Near-zero gradients at step 3, first chunk. Max grad magnitude: 0.00e+00
⚠️  WARNING: Near-zero gradients at step 3, first chunk. Max grad magnitude: 0.00e+00
⚠️  WARNING: Near-zero gradients at step 3, first chunk. Max grad magnitude: 0.00e+00
⚠️  WARNING: Near-zero gradients at step 3, first chunk. Max grad magnitude: 0.00e+00
⚠️  WARNING: Near-zero gradients at step 3, first chunk. Max grad magnitude: 0.00e+00
⚠️  WARNING: Near-zero gradients at step 3, first chunk. Max grad magnitude: 0.00e+00
⚠️  WARNING: Near-zero gradients at step 3, first chunk. Max grad magnitude: 0.00e+00
⚠️  WARNING: Near-zero gradients at step 3, first chunk. Max grad magnitude: 0.00e+00
⚠️  WARNING: Near-zero gradients at step 3, first chunk. Max grad magnitude: 0.00e+00
⚠️  WARNING: Near-zero gradients at step 5, first chunk. Max grad magnitude: 0.00e+00
⚠️  WARNING: Near-zero gradients at step 5, first chunk. Max grad magnitude: 0.00e+00
⚠️  WARNING: Near-zero gradients at step 5, first chunk. Max grad magnitude: 0.00e+00
⚠️  WARNING: Near-zero gradients at step 5, first chunk. Max grad magnitude: 0.00e+00
⚠️  WARNING: Near-zero gradients at step 5, first chunk. Max grad magnitude: 0.00e+00
⚠️  WARNING: Near-zero gradients at step 5, first chunk. Max grad magnitude: 0.00e+00
⚠️  WARNING: Near-zero gradients at step 5, first chunk. Max grad magnitude: 0.00e+00
⚠️  WARNING: Near-zero gradients at step 5, first chunk. Max grad magnitude: 0.00e+00
⚠️  WARNING: Near-zero gradients at step 5, first chunk. Max grad magnitude: 0.00e+00
⚠️  WARNING: Near-zero gradients at step 5, first chunk. Max grad magnitude: 0.00e+00
⚠️  WARNING: Near-zero gradients at step 5, first chunk. Max grad magnitude: 0.00e+00
⚠️  WARNING: Near-zero gradients at step 5, first chunk. Max grad magnitude: 0.00e+00
shard 0:  80%|████████  | 134/167 [19:10<05:06,  9.30s/it]⚠️  WARNING: Near-zero gradients at step 1, first chunk. Max grad magnitude: 0.00e+00
⚠️  WARNING: Near-zero gradients at step 1, first chunk. Max grad magnitude: 0.00e+00
⚠️  WARNING: Near-zero gradients at step 1, first chunk. Max grad magnitude: 0.00e+00
⚠️  WARNING: Near-zero gradients at step 1, first chunk. Max grad magnitude: 0.00e+00
⚠️  WARNING: Near-zero gradients at step 1, first chunk. Max grad magnitude: 0.00e+00
⚠️  WARNING: Near-zero gradients at step 1, first chunk. Max grad magnitude: 0.00e+00
⚠️  WARNING: Near-zero gradients at step 1, first chunk. Max grad magnitude: 0.00e+00
⚠️  WARNING: Near-zero gradients at step 1, first chunk. Max grad magnitude: 0.00e+00
⚠️  WARNING: Near-zero gradients at step 1, first chunk. Max grad magnitude: 0.00e+00
⚠️  WARNING: Near-zero gradients at step 1, first chunk. Max grad magnitude: 0.00e+00
⚠️  WARNING: Near-zero gradients at step 1, first chunk. Max grad magnitude: 0.00e+00
⚠️  WARNING: Near-zero gradients at step 1, first chunk. Max grad magnitude: 0.00e+00
shard 0:  81%|████████  | 135/167 [19:18<04:40,  8.76s/it]⚠️  WARNING: Near-zero gradients at step 1, first chunk. Max grad magnitude: 0.00e+00
⚠️  WARNING: Near-zero gradients at step 1, first chunk. Max grad magnitude: 0.00e+00
⚠️  WARNING: Near-zero gradients at step 1, first chunk. Max grad magnitude: 0.00e+00
⚠️  WARNING: Near-zero gradients at step 1, first chunk. Max grad magnitude: 0.00e+00
⚠️  WARNING: Near-zero gradients at step 1, first chunk. Max grad magnitude: 0.00e+00
⚠️  WARNING: Near-zero gradients at step 1, first chunk. Max grad magnitude: 0.00e+00
⚠️  WARNING: Near-zero gradients at step 1, first chunk. Max grad magnitude: 0.00e+00
⚠️  WARNING: Near-zero gradients at step 1, first chunk. Max grad magnitude: 0.00e+00
⚠️  WARNING: Near-zero gradients at step 1, first chunk. Max grad magnitude: 0.00e+00
⚠️  WARNING: Near-zero gradients at step 1, first chunk. Max grad magnitude: 0.00e+00
⚠️  WARNING: Near-zero gradients at step 1, first chunk. Max grad magnitude: 0.00e+00
⚠️  WARNING: Near-zero gradients at step 1, first chunk. Max grad magnitude: 0.00e+00
shard 0:  81%|████████▏ | 136/167 [19:26<04:26,  8.59s/it]⚠️  WARNING: Near-zero gradients at step 1, first chunk. Max grad magnitude: 0.00e+00
⚠️  WARNING: Near-zero gradients at step 1, first chunk. Max grad magnitude: 0.00e+00
⚠️  WARNING: Near-zero gradients at step 1, first chunk. Max grad magnitude: 0.00e+00
⚠️  WARNING: Near-zero gradients at step 1, first chunk. Max grad magnitude: 0.00e+00
⚠️  WARNING: Near-zero gradients at step 1, first chunk. Max grad magnitude: 0.00e+00
⚠️  WARNING: Near-zero gradients at step 1, first chunk. Max grad magnitude: 0.00e+00
⚠️  WARNING: Near-zero gradients at step 1, first chunk. Max grad magnitude: 0.00e+00
⚠️  WARNING: Near-zero gradients at step 1, first chunk. Max grad magnitude: 0.00e+00
⚠️  WARNING: Near-zero gradients at step 1, first chunk. Max grad magnitude: 0.00e+00
⚠️  WARNING: Near-zero gradients at step 1, first chunk. Max grad magnitude: 0.00e+00
⚠️  WARNING: Near-zero gradients at step 1, first chunk. Max grad magnitude: 0.00e+00
⚠️  WARNING: Near-zero gradients at step 1, first chunk. Max grad magnitude: 0.00e+00
⚠️  WARNING: Near-zero gradients at step 3, first chunk. Max grad magnitude: 0.00e+00
⚠️  WARNING: Near-zero gradients at step 3, first chunk. Max grad magnitude: 0.00e+00
⚠️  WARNING: Near-zero gradients at step 3, first chunk. Max grad magnitude: 0.00e+00
⚠️  WARNING: Near-zero gradients at step 3, first chunk. Max grad magnitude: 0.00e+00
⚠️  WARNING: Near-zero gradients at step 3, first chunk. Max grad magnitude: 0.00e+00
⚠️  WARNING: Near-zero gradients at step 3, first chunk. Max grad magnitude: 0.00e+00
⚠️  WARNING: Near-zero gradients at step 3, first chunk. Max grad magnitude: 0.00e+00
⚠️  WARNING: Near-zero gradients at step 3, first chunk. Max grad magnitude: 0.00e+00
⚠️  WARNING: Near-zero gradients at step 3, first chunk. Max grad magnitude: 0.00e+00
⚠️  WARNING: Near-zero gradients at step 3, first chunk. Max grad magnitude: 0.00e+00
⚠️  WARNING: Near-zero gradients at step 3, first chunk. Max grad magnitude: 0.00e+00
⚠️  WARNING: Near-zero gradients at step 3, first chunk. Max grad magnitude: 0.00e+00
⚠️  WARNING: Near-zero gradients at step 5, first chunk. Max grad magnitude: 0.00e+00
⚠️  WARNING: Near-zero gradients at step 5, first chunk. Max grad magnitude: 0.00e+00
⚠️  WARNING: Near-zero gradients at step 5, first chunk. Max grad magnitude: 0.00e+00
⚠️  WARNING: Near-zero gradients at step 5, first chunk. Max grad magnitude: 0.00e+00
⚠️  WARNING: Near-zero gradients at step 5, first chunk. Max grad magnitude: 0.00e+00
⚠️  WARNING: Near-zero gradients at step 5, first chunk. Max grad magnitude: 0.00e+00
⚠️  WARNING: Near-zero gradients at step 5, first chunk. Max grad magnitude: 0.00e+00
⚠️  WARNING: Near-zero gradients at step 5, first chunk. Max grad magnitude: 0.00e+00
⚠️  WARNING: Near-zero gradients at step 5, first chunk. Max grad magnitude: 0.00e+00
⚠️  WARNING: Near-zero gradients at step 5, first chunk. Max grad magnitude: 0.00e+00
⚠️  WARNING: Near-zero gradients at step 5, first chunk. Max grad magnitude: 0.00e+00
⚠️  WARNING: Near-zero gradients at step 5, first chunk. Max grad magnitude: 0.00e+00
⚠️  WARNING: Near-zero gradients at step 7, first chunk. Max grad magnitude: 0.00e+00
⚠️  WARNING: Near-zero gradients at step 7, first chunk. Max grad magnitude: 0.00e+00
⚠️  WARNING: Near-zero gradients at step 7, first chunk. Max grad magnitude: 0.00e+00
⚠️  WARNING: Near-zero gradients at step 7, first chunk. Max grad magnitude: 0.00e+00
⚠️  WARNING: Near-zero gradients at step 7, first chunk. Max grad magnitude: 0.00e+00
⚠️  WARNING: Near-zero gradients at step 7, first chunk. Max grad magnitude: 0.00e+00
⚠️  WARNING: Near-zero gradients at step 7, first chunk. Max grad magnitude: 0.00e+00
⚠️  WARNING: Near-zero gradients at step 7, first chunk. Max grad magnitude: 0.00e+00
⚠️  WARNING: Near-zero gradients at step 7, first chunk. Max grad magnitude: 0.00e+00
⚠️  WARNING: Near-zero gradients at step 7, first chunk. Max grad magnitude: 0.00e+00
⚠️  WARNING: Near-zero gradients at step 7, first chunk. Max grad magnitude: 0.00e+00
⚠️  WARNING: Near-zero gradients at step 7, first chunk. Max grad magnitude: 0.00e+00
shard 0:  82%|████████▏ | 137/167 [19:34<04:13,  8.43s/it]⚠️  WARNING: Near-zero gradients at step 1, first chunk. Max grad magnitude: 0.00e+00
⚠️  WARNING: Near-zero gradients at step 1, first chunk. Max grad magnitude: 0.00e+00
⚠️  WARNING: Near-zero gradients at step 1, first chunk. Max grad magnitude: 0.00e+00
⚠️  WARNING: Near-zero gradients at step 1, first chunk. Max grad magnitude: 0.00e+00
⚠️  WARNING: Near-zero gradients at step 1, first chunk. Max grad magnitude: 0.00e+00
⚠️  WARNING: Near-zero gradients at step 1, first chunk. Max grad magnitude: 0.00e+00
⚠️  WARNING: Near-zero gradients at step 1, first chunk. Max grad magnitude: 0.00e+00
⚠️  WARNING: Near-zero gradients at step 1, first chunk. Max grad magnitude: 0.00e+00
⚠️  WARNING: Near-zero gradients at step 1, first chunk. Max grad magnitude: 0.00e+00
⚠️  WARNING: Near-zero gradients at step 1, first chunk. Max grad magnitude: 0.00e+00
⚠️  WARNING: Near-zero gradients at step 1, first chunk. Max grad magnitude: 0.00e+00
⚠️  WARNING: Near-zero gradients at step 1, first chunk. Max grad magnitude: 0.00e+00
⚠️  WARNING: Near-zero gradients at step 3, first chunk. Max grad magnitude: 0.00e+00
⚠️  WARNING: Near-zero gradients at step 3, first chunk. Max grad magnitude: 0.00e+00
⚠️  WARNING: Near-zero gradients at step 3, first chunk. Max grad magnitude: 0.00e+00
⚠️  WARNING: Near-zero gradients at step 3, first chunk. Max grad magnitude: 0.00e+00
⚠️  WARNING: Near-zero gradients at step 3, first chunk. Max grad magnitude: 0.00e+00
⚠️  WARNING: Near-zero gradients at step 3, first chunk. Max grad magnitude: 0.00e+00
⚠️  WARNING: Near-zero gradients at step 3, first chunk. Max grad magnitude: 0.00e+00
⚠️  WARNING: Near-zero gradients at step 3, first chunk. Max grad magnitude: 0.00e+00
⚠️  WARNING: Near-zero gradients at step 3, first chunk. Max grad magnitude: 0.00e+00
⚠️  WARNING: Near-zero gradients at step 3, first chunk. Max grad magnitude: 0.00e+00
⚠️  WARNING: Near-zero gradients at step 3, first chunk. Max grad magnitude: 0.00e+00
⚠️  WARNING: Near-zero gradients at step 3, first chunk. Max grad magnitude: 0.00e+00
shard 0:  83%|████████▎ | 138/167 [19:42<04:01,  8.33s/it]⚠️  WARNING: Near-zero gradients at step 1, first chunk. Max grad magnitude: 0.00e+00
⚠️  WARNING: Near-zero gradients at step 1, first chunk. Max grad magnitude: 0.00e+00
⚠️  WARNING: Near-zero gradients at step 1, first chunk. Max grad magnitude: 0.00e+00
⚠️  WARNING: Near-zero gradients at step 1, first chunk. Max grad magnitude: 0.00e+00
⚠️  WARNING: Near-zero gradients at step 1, first chunk. Max grad magnitude: 0.00e+00
⚠️  WARNING: Near-zero gradients at step 1, first chunk. Max grad magnitude: 0.00e+00
⚠️  WARNING: Near-zero gradients at step 1, first chunk. Max grad magnitude: 0.00e+00
⚠️  WARNING: Near-zero gradients at step 1, first chunk. Max grad magnitude: 0.00e+00
⚠️  WARNING: Near-zero gradients at step 1, first chunk. Max grad magnitude: 0.00e+00
⚠️  WARNING: Near-zero gradients at step 1, first chunk. Max grad magnitude: 0.00e+00
⚠️  WARNING: Near-zero gradients at step 1, first chunk. Max grad magnitude: 0.00e+00
⚠️  WARNING: Near-zero gradients at step 1, first chunk. Max grad magnitude: 0.00e+00
shard 0:  83%|████████▎ | 139/167 [19:51<04:00,  8.58s/it]⚠️  WARNING: Near-zero gradients at step 1, first chunk. Max grad magnitude: 0.00e+00
⚠️  WARNING: Near-zero gradients at step 1, first chunk. Max grad magnitude: 0.00e+00
⚠️  WARNING: Near-zero gradients at step 1, first chunk. Max grad magnitude: 0.00e+00
⚠️  WARNING: Near-zero gradients at step 1, first chunk. Max grad magnitude: 0.00e+00
⚠️  WARNING: Near-zero gradients at step 1, first chunk. Max grad magnitude: 0.00e+00
⚠️  WARNING: Near-zero gradients at step 1, first chunk. Max grad magnitude: 0.00e+00
⚠️  WARNING: Near-zero gradients at step 1, first chunk. Max grad magnitude: 0.00e+00
⚠️  WARNING: Near-zero gradients at step 1, first chunk. Max grad magnitude: 0.00e+00
⚠️  WARNING: Near-zero gradients at step 1, first chunk. Max grad magnitude: 0.00e+00
⚠️  WARNING: Near-zero gradients at step 1, first chunk. Max grad magnitude: 0.00e+00
⚠️  WARNING: Near-zero gradients at step 1, first chunk. Max grad magnitude: 0.00e+00
⚠️  WARNING: Near-zero gradients at step 1, first chunk. Max grad magnitude: 0.00e+00
shard 0:  84%|████████▍ | 140/167 [20:00<03:47,  8.42s/it]⚠️  WARNING: Near-zero gradients at step 1, first chunk. Max grad magnitude: 0.00e+00
⚠️  WARNING: Near-zero gradients at step 1, first chunk. Max grad magnitude: 0.00e+00
⚠️  WARNING: Near-zero gradients at step 1, first chunk. Max grad magnitude: 0.00e+00
⚠️  WARNING: Near-zero gradients at step 1, first chunk. Max grad magnitude: 0.00e+00
⚠️  WARNING: Near-zero gradients at step 1, first chunk. Max grad magnitude: 0.00e+00
⚠️  WARNING: Near-zero gradients at step 1, first chunk. Max grad magnitude: 0.00e+00
⚠️  WARNING: Near-zero gradients at step 1, first chunk. Max grad magnitude: 0.00e+00
⚠️  WARNING: Near-zero gradients at step 1, first chunk. Max grad magnitude: 0.00e+00
⚠️  WARNING: Near-zero gradients at step 1, first chunk. Max grad magnitude: 0.00e+00
⚠️  WARNING: Near-zero gradients at step 1, first chunk. Max grad magnitude: 0.00e+00
⚠️  WARNING: Near-zero gradients at step 1, first chunk. Max grad magnitude: 0.00e+00
⚠️  WARNING: Near-zero gradients at step 1, first chunk. Max grad magnitude: 0.00e+00
shard 0:  84%|████████▍ | 141/167 [20:06<03:26,  7.94s/it]⚠️  WARNING: Near-zero gradients at step 1, first chunk. Max grad magnitude: 0.00e+00
⚠️  WARNING: Near-zero gradients at step 1, first chunk. Max grad magnitude: 0.00e+00
⚠️  WARNING: Near-zero gradients at step 1, first chunk. Max grad magnitude: 0.00e+00
⚠️  WARNING: Near-zero gradients at step 1, first chunk. Max grad magnitude: 0.00e+00
⚠️  WARNING: Near-zero gradients at step 1, first chunk. Max grad magnitude: 0.00e+00
⚠️  WARNING: Near-zero gradients at step 1, first chunk. Max grad magnitude: 0.00e+00
⚠️  WARNING: Near-zero gradients at step 1, first chunk. Max grad magnitude: 0.00e+00
⚠️  WARNING: Near-zero gradients at step 1, first chunk. Max grad magnitude: 0.00e+00
⚠️  WARNING: Near-zero gradients at step 1, first chunk. Max grad magnitude: 0.00e+00
⚠️  WARNING: Near-zero gradients at step 1, first chunk. Max grad magnitude: 0.00e+00
⚠️  WARNING: Near-zero gradients at step 1, first chunk. Max grad magnitude: 0.00e+00
⚠️  WARNING: Near-zero gradients at step 1, first chunk. Max grad magnitude: 0.00e+00
shard 0:  85%|████████▌ | 142/167 [20:14<03:19,  7.99s/it]shard 0:  86%|████████▌ | 143/167 [20:24<03:25,  8.56s/it]⚠️  WARNING: Near-zero gradients at step 1, first chunk. Max grad magnitude: 0.00e+00
⚠️  WARNING: Near-zero gradients at step 1, first chunk. Max grad magnitude: 0.00e+00
⚠️  WARNING: Near-zero gradients at step 1, first chunk. Max grad magnitude: 0.00e+00
⚠️  WARNING: Near-zero gradients at step 1, first chunk. Max grad magnitude: 0.00e+00
⚠️  WARNING: Near-zero gradients at step 1, first chunk. Max grad magnitude: 0.00e+00
⚠️  WARNING: Near-zero gradients at step 1, first chunk. Max grad magnitude: 0.00e+00
⚠️  WARNING: Near-zero gradients at step 1, first chunk. Max grad magnitude: 0.00e+00
⚠️  WARNING: Near-zero gradients at step 1, first chunk. Max grad magnitude: 0.00e+00
⚠️  WARNING: Near-zero gradients at step 1, first chunk. Max grad magnitude: 0.00e+00
⚠️  WARNING: Near-zero gradients at step 1, first chunk. Max grad magnitude: 0.00e+00
⚠️  WARNING: Near-zero gradients at step 1, first chunk. Max grad magnitude: 0.00e+00
⚠️  WARNING: Near-zero gradients at step 1, first chunk. Max grad magnitude: 0.00e+00
shard 0:  86%|████████▌ | 144/167 [20:32<03:08,  8.20s/it]⚠️  WARNING: Near-zero gradients at step 1, first chunk. Max grad magnitude: 0.00e+00
⚠️  WARNING: Near-zero gradients at step 1, first chunk. Max grad magnitude: 0.00e+00
⚠️  WARNING: Near-zero gradients at step 1, first chunk. Max grad magnitude: 0.00e+00
⚠️  WARNING: Near-zero gradients at step 1, first chunk. Max grad magnitude: 0.00e+00
⚠️  WARNING: Near-zero gradients at step 1, first chunk. Max grad magnitude: 0.00e+00
⚠️  WARNING: Near-zero gradients at step 1, first chunk. Max grad magnitude: 0.00e+00
⚠️  WARNING: Near-zero gradients at step 1, first chunk. Max grad magnitude: 0.00e+00
⚠️  WARNING: Near-zero gradients at step 1, first chunk. Max grad magnitude: 0.00e+00
⚠️  WARNING: Near-zero gradients at step 1, first chunk. Max grad magnitude: 0.00e+00
⚠️  WARNING: Near-zero gradients at step 1, first chunk. Max grad magnitude: 0.00e+00
⚠️  WARNING: Near-zero gradients at step 1, first chunk. Max grad magnitude: 0.00e+00
⚠️  WARNING: Near-zero gradients at step 1, first chunk. Max grad magnitude: 0.00e+00
⚠️  WARNING: Near-zero gradients at step 3, first chunk. Max grad magnitude: 0.00e+00
⚠️  WARNING: Near-zero gradients at step 3, first chunk. Max grad magnitude: 0.00e+00
⚠️  WARNING: Near-zero gradients at step 3, first chunk. Max grad magnitude: 0.00e+00
⚠️  WARNING: Near-zero gradients at step 3, first chunk. Max grad magnitude: 0.00e+00
⚠️  WARNING: Near-zero gradients at step 3, first chunk. Max grad magnitude: 0.00e+00
⚠️  WARNING: Near-zero gradients at step 3, first chunk. Max grad magnitude: 0.00e+00
⚠️  WARNING: Near-zero gradients at step 3, first chunk. Max grad magnitude: 0.00e+00
⚠️  WARNING: Near-zero gradients at step 3, first chunk. Max grad magnitude: 0.00e+00
⚠️  WARNING: Near-zero gradients at step 3, first chunk. Max grad magnitude: 0.00e+00
⚠️  WARNING: Near-zero gradients at step 3, first chunk. Max grad magnitude: 0.00e+00
⚠️  WARNING: Near-zero gradients at step 3, first chunk. Max grad magnitude: 0.00e+00
⚠️  WARNING: Near-zero gradients at step 3, first chunk. Max grad magnitude: 0.00e+00
shard 0:  87%|████████▋ | 145/167 [20:40<02:59,  8.14s/it]⚠️  WARNING: Near-zero gradients at step 1, first chunk. Max grad magnitude: 0.00e+00
⚠️  WARNING: Near-zero gradients at step 1, first chunk. Max grad magnitude: 0.00e+00
⚠️  WARNING: Near-zero gradients at step 1, first chunk. Max grad magnitude: 0.00e+00
⚠️  WARNING: Near-zero gradients at step 1, first chunk. Max grad magnitude: 0.00e+00
⚠️  WARNING: Near-zero gradients at step 1, first chunk. Max grad magnitude: 0.00e+00
⚠️  WARNING: Near-zero gradients at step 1, first chunk. Max grad magnitude: 0.00e+00
⚠️  WARNING: Near-zero gradients at step 1, first chunk. Max grad magnitude: 0.00e+00
⚠️  WARNING: Near-zero gradients at step 1, first chunk. Max grad magnitude: 0.00e+00
⚠️  WARNING: Near-zero gradients at step 1, first chunk. Max grad magnitude: 0.00e+00
⚠️  WARNING: Near-zero gradients at step 1, first chunk. Max grad magnitude: 0.00e+00
⚠️  WARNING: Near-zero gradients at step 1, first chunk. Max grad magnitude: 0.00e+00
⚠️  WARNING: Near-zero gradients at step 1, first chunk. Max grad magnitude: 0.00e+00
⚠️  WARNING: Near-zero gradients at step 3, first chunk. Max grad magnitude: 0.00e+00
⚠️  WARNING: Near-zero gradients at step 3, first chunk. Max grad magnitude: 0.00e+00
⚠️  WARNING: Near-zero gradients at step 3, first chunk. Max grad magnitude: 0.00e+00
⚠️  WARNING: Near-zero gradients at step 3, first chunk. Max grad magnitude: 0.00e+00
⚠️  WARNING: Near-zero gradients at step 3, first chunk. Max grad magnitude: 0.00e+00
⚠️  WARNING: Near-zero gradients at step 3, first chunk. Max grad magnitude: 0.00e+00
⚠️  WARNING: Near-zero gradients at step 3, first chunk. Max grad magnitude: 0.00e+00
⚠️  WARNING: Near-zero gradients at step 3, first chunk. Max grad magnitude: 0.00e+00
⚠️  WARNING: Near-zero gradients at step 3, first chunk. Max grad magnitude: 0.00e+00
⚠️  WARNING: Near-zero gradients at step 3, first chunk. Max grad magnitude: 0.00e+00
⚠️  WARNING: Near-zero gradients at step 3, first chunk. Max grad magnitude: 0.00e+00
⚠️  WARNING: Near-zero gradients at step 3, first chunk. Max grad magnitude: 0.00e+00
shard 0:  87%|████████▋ | 146/167 [20:48<02:51,  8.15s/it]⚠️  WARNING: Near-zero gradients at step 1, first chunk. Max grad magnitude: 0.00e+00
⚠️  WARNING: Near-zero gradients at step 1, first chunk. Max grad magnitude: 0.00e+00
⚠️  WARNING: Near-zero gradients at step 1, first chunk. Max grad magnitude: 0.00e+00
⚠️  WARNING: Near-zero gradients at step 1, first chunk. Max grad magnitude: 0.00e+00
⚠️  WARNING: Near-zero gradients at step 1, first chunk. Max grad magnitude: 0.00e+00
⚠️  WARNING: Near-zero gradients at step 1, first chunk. Max grad magnitude: 0.00e+00
⚠️  WARNING: Near-zero gradients at step 1, first chunk. Max grad magnitude: 0.00e+00
⚠️  WARNING: Near-zero gradients at step 1, first chunk. Max grad magnitude: 0.00e+00
⚠️  WARNING: Near-zero gradients at step 1, first chunk. Max grad magnitude: 0.00e+00
⚠️  WARNING: Near-zero gradients at step 1, first chunk. Max grad magnitude: 0.00e+00
⚠️  WARNING: Near-zero gradients at step 1, first chunk. Max grad magnitude: 0.00e+00
⚠️  WARNING: Near-zero gradients at step 1, first chunk. Max grad magnitude: 0.00e+00
⚠️  WARNING: Near-zero gradients at step 3, first chunk. Max grad magnitude: 0.00e+00
⚠️  WARNING: Near-zero gradients at step 3, first chunk. Max grad magnitude: 0.00e+00
⚠️  WARNING: Near-zero gradients at step 3, first chunk. Max grad magnitude: 0.00e+00
⚠️  WARNING: Near-zero gradients at step 3, first chunk. Max grad magnitude: 0.00e+00
⚠️  WARNING: Near-zero gradients at step 3, first chunk. Max grad magnitude: 0.00e+00
⚠️  WARNING: Near-zero gradients at step 3, first chunk. Max grad magnitude: 0.00e+00
⚠️  WARNING: Near-zero gradients at step 3, first chunk. Max grad magnitude: 0.00e+00
⚠️  WARNING: Near-zero gradients at step 3, first chunk. Max grad magnitude: 0.00e+00
⚠️  WARNING: Near-zero gradients at step 3, first chunk. Max grad magnitude: 0.00e+00
⚠️  WARNING: Near-zero gradients at step 3, first chunk. Max grad magnitude: 0.00e+00
⚠️  WARNING: Near-zero gradients at step 3, first chunk. Max grad magnitude: 0.00e+00
⚠️  WARNING: Near-zero gradients at step 3, first chunk. Max grad magnitude: 0.00e+00
⚠️  WARNING: Near-zero gradients at step 5, first chunk. Max grad magnitude: 0.00e+00
⚠️  WARNING: Near-zero gradients at step 5, first chunk. Max grad magnitude: 0.00e+00
⚠️  WARNING: Near-zero gradients at step 5, first chunk. Max grad magnitude: 0.00e+00
⚠️  WARNING: Near-zero gradients at step 5, first chunk. Max grad magnitude: 0.00e+00
⚠️  WARNING: Near-zero gradients at step 5, first chunk. Max grad magnitude: 0.00e+00
⚠️  WARNING: Near-zero gradients at step 5, first chunk. Max grad magnitude: 0.00e+00
⚠️  WARNING: Near-zero gradients at step 5, first chunk. Max grad magnitude: 0.00e+00
⚠️  WARNING: Near-zero gradients at step 5, first chunk. Max grad magnitude: 0.00e+00
⚠️  WARNING: Near-zero gradients at step 5, first chunk. Max grad magnitude: 0.00e+00
⚠️  WARNING: Near-zero gradients at step 5, first chunk. Max grad magnitude: 0.00e+00
⚠️  WARNING: Near-zero gradients at step 5, first chunk. Max grad magnitude: 0.00e+00
⚠️  WARNING: Near-zero gradients at step 5, first chunk. Max grad magnitude: 0.00e+00
shard 0:  88%|████████▊ | 147/167 [20:55<02:38,  7.92s/it]⚠️  WARNING: Near-zero gradients at step 1, first chunk. Max grad magnitude: 0.00e+00
⚠️  WARNING: Near-zero gradients at step 1, first chunk. Max grad magnitude: 0.00e+00
⚠️  WARNING: Near-zero gradients at step 1, first chunk. Max grad magnitude: 0.00e+00
⚠️  WARNING: Near-zero gradients at step 1, first chunk. Max grad magnitude: 0.00e+00
⚠️  WARNING: Near-zero gradients at step 1, first chunk. Max grad magnitude: 0.00e+00
⚠️  WARNING: Near-zero gradients at step 1, first chunk. Max grad magnitude: 0.00e+00
⚠️  WARNING: Near-zero gradients at step 1, first chunk. Max grad magnitude: 0.00e+00
⚠️  WARNING: Near-zero gradients at step 1, first chunk. Max grad magnitude: 0.00e+00
⚠️  WARNING: Near-zero gradients at step 1, first chunk. Max grad magnitude: 0.00e+00
⚠️  WARNING: Near-zero gradients at step 1, first chunk. Max grad magnitude: 0.00e+00
⚠️  WARNING: Near-zero gradients at step 1, first chunk. Max grad magnitude: 0.00e+00
⚠️  WARNING: Near-zero gradients at step 1, first chunk. Max grad magnitude: 0.00e+00
⚠️  WARNING: Near-zero gradients at step 3, first chunk. Max grad magnitude: 0.00e+00
⚠️  WARNING: Near-zero gradients at step 3, first chunk. Max grad magnitude: 0.00e+00
⚠️  WARNING: Near-zero gradients at step 3, first chunk. Max grad magnitude: 0.00e+00
⚠️  WARNING: Near-zero gradients at step 3, first chunk. Max grad magnitude: 0.00e+00
⚠️  WARNING: Near-zero gradients at step 3, first chunk. Max grad magnitude: 0.00e+00
⚠️  WARNING: Near-zero gradients at step 3, first chunk. Max grad magnitude: 0.00e+00
⚠️  WARNING: Near-zero gradients at step 3, first chunk. Max grad magnitude: 0.00e+00
⚠️  WARNING: Near-zero gradients at step 3, first chunk. Max grad magnitude: 0.00e+00
⚠️  WARNING: Near-zero gradients at step 3, first chunk. Max grad magnitude: 0.00e+00
⚠️  WARNING: Near-zero gradients at step 3, first chunk. Max grad magnitude: 0.00e+00
⚠️  WARNING: Near-zero gradients at step 3, first chunk. Max grad magnitude: 0.00e+00
⚠️  WARNING: Near-zero gradients at step 3, first chunk. Max grad magnitude: 0.00e+00
⚠️  WARNING: Near-zero gradients at step 5, first chunk. Max grad magnitude: 0.00e+00
⚠️  WARNING: Near-zero gradients at step 5, first chunk. Max grad magnitude: 0.00e+00
⚠️  WARNING: Near-zero gradients at step 5, first chunk. Max grad magnitude: 0.00e+00
⚠️  WARNING: Near-zero gradients at step 5, first chunk. Max grad magnitude: 0.00e+00
⚠️  WARNING: Near-zero gradients at step 5, first chunk. Max grad magnitude: 0.00e+00
⚠️  WARNING: Near-zero gradients at step 5, first chunk. Max grad magnitude: 0.00e+00
⚠️  WARNING: Near-zero gradients at step 5, first chunk. Max grad magnitude: 0.00e+00
⚠️  WARNING: Near-zero gradients at step 5, first chunk. Max grad magnitude: 0.00e+00
⚠️  WARNING: Near-zero gradients at step 5, first chunk. Max grad magnitude: 0.00e+00
⚠️  WARNING: Near-zero gradients at step 5, first chunk. Max grad magnitude: 0.00e+00
⚠️  WARNING: Near-zero gradients at step 5, first chunk. Max grad magnitude: 0.00e+00
⚠️  WARNING: Near-zero gradients at step 5, first chunk. Max grad magnitude: 0.00e+00
⚠️  WARNING: Near-zero gradients at step 7, first chunk. Max grad magnitude: 0.00e+00
⚠️  WARNING: Near-zero gradients at step 7, first chunk. Max grad magnitude: 0.00e+00
⚠️  WARNING: Near-zero gradients at step 7, first chunk. Max grad magnitude: 0.00e+00
⚠️  WARNING: Near-zero gradients at step 7, first chunk. Max grad magnitude: 0.00e+00
⚠️  WARNING: Near-zero gradients at step 7, first chunk. Max grad magnitude: 0.00e+00
⚠️  WARNING: Near-zero gradients at step 7, first chunk. Max grad magnitude: 0.00e+00
⚠️  WARNING: Near-zero gradients at step 7, first chunk. Max grad magnitude: 0.00e+00
⚠️  WARNING: Near-zero gradients at step 7, first chunk. Max grad magnitude: 0.00e+00
⚠️  WARNING: Near-zero gradients at step 7, first chunk. Max grad magnitude: 0.00e+00
⚠️  WARNING: Near-zero gradients at step 7, first chunk. Max grad magnitude: 0.00e+00
⚠️  WARNING: Near-zero gradients at step 7, first chunk. Max grad magnitude: 0.00e+00
⚠️  WARNING: Near-zero gradients at step 7, first chunk. Max grad magnitude: 0.00e+00
shard 0:  89%|████████▊ | 148/167 [21:04<02:34,  8.13s/it]⚠️  WARNING: Near-zero gradients at step 1, first chunk. Max grad magnitude: 0.00e+00
⚠️  WARNING: Near-zero gradients at step 1, first chunk. Max grad magnitude: 0.00e+00
⚠️  WARNING: Near-zero gradients at step 1, first chunk. Max grad magnitude: 0.00e+00
⚠️  WARNING: Near-zero gradients at step 1, first chunk. Max grad magnitude: 0.00e+00
⚠️  WARNING: Near-zero gradients at step 1, first chunk. Max grad magnitude: 0.00e+00
⚠️  WARNING: Near-zero gradients at step 1, first chunk. Max grad magnitude: 0.00e+00
⚠️  WARNING: Near-zero gradients at step 1, first chunk. Max grad magnitude: 0.00e+00
⚠️  WARNING: Near-zero gradients at step 1, first chunk. Max grad magnitude: 0.00e+00
⚠️  WARNING: Near-zero gradients at step 1, first chunk. Max grad magnitude: 0.00e+00
⚠️  WARNING: Near-zero gradients at step 1, first chunk. Max grad magnitude: 0.00e+00
⚠️  WARNING: Near-zero gradients at step 1, first chunk. Max grad magnitude: 0.00e+00
⚠️  WARNING: Near-zero gradients at step 1, first chunk. Max grad magnitude: 0.00e+00
⚠️  WARNING: Near-zero gradients at step 3, first chunk. Max grad magnitude: 0.00e+00
⚠️  WARNING: Near-zero gradients at step 3, first chunk. Max grad magnitude: 0.00e+00
⚠️  WARNING: Near-zero gradients at step 3, first chunk. Max grad magnitude: 0.00e+00
⚠️  WARNING: Near-zero gradients at step 3, first chunk. Max grad magnitude: 0.00e+00
⚠️  WARNING: Near-zero gradients at step 3, first chunk. Max grad magnitude: 0.00e+00
⚠️  WARNING: Near-zero gradients at step 3, first chunk. Max grad magnitude: 0.00e+00
⚠️  WARNING: Near-zero gradients at step 3, first chunk. Max grad magnitude: 0.00e+00
⚠️  WARNING: Near-zero gradients at step 3, first chunk. Max grad magnitude: 0.00e+00
⚠️  WARNING: Near-zero gradients at step 3, first chunk. Max grad magnitude: 0.00e+00
⚠️  WARNING: Near-zero gradients at step 3, first chunk. Max grad magnitude: 0.00e+00
⚠️  WARNING: Near-zero gradients at step 3, first chunk. Max grad magnitude: 0.00e+00
⚠️  WARNING: Near-zero gradients at step 3, first chunk. Max grad magnitude: 0.00e+00
⚠️  WARNING: Near-zero gradients at step 5, first chunk. Max grad magnitude: 0.00e+00
⚠️  WARNING: Near-zero gradients at step 5, first chunk. Max grad magnitude: 0.00e+00
⚠️  WARNING: Near-zero gradients at step 5, first chunk. Max grad magnitude: 0.00e+00
⚠️  WARNING: Near-zero gradients at step 5, first chunk. Max grad magnitude: 0.00e+00
⚠️  WARNING: Near-zero gradients at step 5, first chunk. Max grad magnitude: 0.00e+00
⚠️  WARNING: Near-zero gradients at step 5, first chunk. Max grad magnitude: 0.00e+00
⚠️  WARNING: Near-zero gradients at step 5, first chunk. Max grad magnitude: 0.00e+00
⚠️  WARNING: Near-zero gradients at step 5, first chunk. Max grad magnitude: 0.00e+00
⚠️  WARNING: Near-zero gradients at step 5, first chunk. Max grad magnitude: 0.00e+00
⚠️  WARNING: Near-zero gradients at step 5, first chunk. Max grad magnitude: 0.00e+00
⚠️  WARNING: Near-zero gradients at step 5, first chunk. Max grad magnitude: 0.00e+00
⚠️  WARNING: Near-zero gradients at step 5, first chunk. Max grad magnitude: 0.00e+00
⚠️  WARNING: Near-zero gradients at step 7, first chunk. Max grad magnitude: 0.00e+00
⚠️  WARNING: Near-zero gradients at step 7, first chunk. Max grad magnitude: 0.00e+00
⚠️  WARNING: Near-zero gradients at step 7, first chunk. Max grad magnitude: 0.00e+00
⚠️  WARNING: Near-zero gradients at step 7, first chunk. Max grad magnitude: 0.00e+00
⚠️  WARNING: Near-zero gradients at step 7, first chunk. Max grad magnitude: 0.00e+00
⚠️  WARNING: Near-zero gradients at step 7, first chunk. Max grad magnitude: 0.00e+00
⚠️  WARNING: Near-zero gradients at step 7, first chunk. Max grad magnitude: 0.00e+00
⚠️  WARNING: Near-zero gradients at step 7, first chunk. Max grad magnitude: 0.00e+00
⚠️  WARNING: Near-zero gradients at step 7, first chunk. Max grad magnitude: 0.00e+00
⚠️  WARNING: Near-zero gradients at step 7, first chunk. Max grad magnitude: 0.00e+00
⚠️  WARNING: Near-zero gradients at step 7, first chunk. Max grad magnitude: 0.00e+00
⚠️  WARNING: Near-zero gradients at step 7, first chunk. Max grad magnitude: 0.00e+00
shard 0:  89%|████████▉ | 149/167 [21:12<02:25,  8.10s/it]⚠️  WARNING: Near-zero gradients at step 1, first chunk. Max grad magnitude: 0.00e+00
⚠️  WARNING: Near-zero gradients at step 1, first chunk. Max grad magnitude: 0.00e+00
⚠️  WARNING: Near-zero gradients at step 1, first chunk. Max grad magnitude: 0.00e+00
⚠️  WARNING: Near-zero gradients at step 1, first chunk. Max grad magnitude: 0.00e+00
⚠️  WARNING: Near-zero gradients at step 1, first chunk. Max grad magnitude: 0.00e+00
⚠️  WARNING: Near-zero gradients at step 1, first chunk. Max grad magnitude: 0.00e+00
⚠️  WARNING: Near-zero gradients at step 1, first chunk. Max grad magnitude: 0.00e+00
⚠️  WARNING: Near-zero gradients at step 1, first chunk. Max grad magnitude: 0.00e+00
⚠️  WARNING: Near-zero gradients at step 1, first chunk. Max grad magnitude: 0.00e+00
⚠️  WARNING: Near-zero gradients at step 1, first chunk. Max grad magnitude: 0.00e+00
⚠️  WARNING: Near-zero gradients at step 1, first chunk. Max grad magnitude: 0.00e+00
⚠️  WARNING: Near-zero gradients at step 1, first chunk. Max grad magnitude: 0.00e+00
⚠️  WARNING: Near-zero gradients at step 3, first chunk. Max grad magnitude: 0.00e+00
⚠️  WARNING: Near-zero gradients at step 3, first chunk. Max grad magnitude: 0.00e+00
⚠️  WARNING: Near-zero gradients at step 3, first chunk. Max grad magnitude: 0.00e+00
⚠️  WARNING: Near-zero gradients at step 3, first chunk. Max grad magnitude: 0.00e+00
⚠️  WARNING: Near-zero gradients at step 3, first chunk. Max grad magnitude: 0.00e+00
⚠️  WARNING: Near-zero gradients at step 3, first chunk. Max grad magnitude: 0.00e+00
⚠️  WARNING: Near-zero gradients at step 3, first chunk. Max grad magnitude: 0.00e+00
⚠️  WARNING: Near-zero gradients at step 3, first chunk. Max grad magnitude: 0.00e+00
⚠️  WARNING: Near-zero gradients at step 3, first chunk. Max grad magnitude: 0.00e+00
⚠️  WARNING: Near-zero gradients at step 3, first chunk. Max grad magnitude: 0.00e+00
⚠️  WARNING: Near-zero gradients at step 3, first chunk. Max grad magnitude: 0.00e+00
⚠️  WARNING: Near-zero gradients at step 3, first chunk. Max grad magnitude: 0.00e+00
⚠️  WARNING: Near-zero gradients at step 5, first chunk. Max grad magnitude: 0.00e+00
⚠️  WARNING: Near-zero gradients at step 5, first chunk. Max grad magnitude: 0.00e+00
⚠️  WARNING: Near-zero gradients at step 5, first chunk. Max grad magnitude: 0.00e+00
⚠️  WARNING: Near-zero gradients at step 5, first chunk. Max grad magnitude: 0.00e+00
⚠️  WARNING: Near-zero gradients at step 5, first chunk. Max grad magnitude: 0.00e+00
⚠️  WARNING: Near-zero gradients at step 5, first chunk. Max grad magnitude: 0.00e+00
⚠️  WARNING: Near-zero gradients at step 5, first chunk. Max grad magnitude: 0.00e+00
⚠️  WARNING: Near-zero gradients at step 5, first chunk. Max grad magnitude: 0.00e+00
⚠️  WARNING: Near-zero gradients at step 5, first chunk. Max grad magnitude: 0.00e+00
⚠️  WARNING: Near-zero gradients at step 5, first chunk. Max grad magnitude: 0.00e+00
⚠️  WARNING: Near-zero gradients at step 5, first chunk. Max grad magnitude: 0.00e+00
⚠️  WARNING: Near-zero gradients at step 5, first chunk. Max grad magnitude: 0.00e+00
⚠️  WARNING: Near-zero gradients at step 7, first chunk. Max grad magnitude: 0.00e+00
⚠️  WARNING: Near-zero gradients at step 7, first chunk. Max grad magnitude: 0.00e+00
⚠️  WARNING: Near-zero gradients at step 7, first chunk. Max grad magnitude: 0.00e+00
⚠️  WARNING: Near-zero gradients at step 7, first chunk. Max grad magnitude: 0.00e+00
⚠️  WARNING: Near-zero gradients at step 7, first chunk. Max grad magnitude: 0.00e+00
⚠️  WARNING: Near-zero gradients at step 7, first chunk. Max grad magnitude: 0.00e+00
⚠️  WARNING: Near-zero gradients at step 7, first chunk. Max grad magnitude: 0.00e+00
⚠️  WARNING: Near-zero gradients at step 7, first chunk. Max grad magnitude: 0.00e+00
⚠️  WARNING: Near-zero gradients at step 7, first chunk. Max grad magnitude: 0.00e+00
⚠️  WARNING: Near-zero gradients at step 7, first chunk. Max grad magnitude: 0.00e+00
⚠️  WARNING: Near-zero gradients at step 7, first chunk. Max grad magnitude: 0.00e+00
⚠️  WARNING: Near-zero gradients at step 7, first chunk. Max grad magnitude: 0.00e+00
shard 0:  90%|████████▉ | 150/167 [21:22<02:29,  8.77s/it]⚠️  WARNING: Near-zero gradients at step 1, first chunk. Max grad magnitude: 0.00e+00
⚠️  WARNING: Near-zero gradients at step 1, first chunk. Max grad magnitude: 0.00e+00
⚠️  WARNING: Near-zero gradients at step 1, first chunk. Max grad magnitude: 0.00e+00
⚠️  WARNING: Near-zero gradients at step 1, first chunk. Max grad magnitude: 0.00e+00
⚠️  WARNING: Near-zero gradients at step 1, first chunk. Max grad magnitude: 0.00e+00
⚠️  WARNING: Near-zero gradients at step 1, first chunk. Max grad magnitude: 0.00e+00
⚠️  WARNING: Near-zero gradients at step 1, first chunk. Max grad magnitude: 0.00e+00
⚠️  WARNING: Near-zero gradients at step 1, first chunk. Max grad magnitude: 0.00e+00
⚠️  WARNING: Near-zero gradients at step 1, first chunk. Max grad magnitude: 0.00e+00
⚠️  WARNING: Near-zero gradients at step 1, first chunk. Max grad magnitude: 0.00e+00
⚠️  WARNING: Near-zero gradients at step 1, first chunk. Max grad magnitude: 0.00e+00
⚠️  WARNING: Near-zero gradients at step 1, first chunk. Max grad magnitude: 0.00e+00
⚠️  WARNING: Near-zero gradients at step 3, first chunk. Max grad magnitude: 0.00e+00
⚠️  WARNING: Near-zero gradients at step 3, first chunk. Max grad magnitude: 0.00e+00
⚠️  WARNING: Near-zero gradients at step 3, first chunk. Max grad magnitude: 0.00e+00
⚠️  WARNING: Near-zero gradients at step 3, first chunk. Max grad magnitude: 0.00e+00
⚠️  WARNING: Near-zero gradients at step 3, first chunk. Max grad magnitude: 0.00e+00
⚠️  WARNING: Near-zero gradients at step 3, first chunk. Max grad magnitude: 0.00e+00
⚠️  WARNING: Near-zero gradients at step 3, first chunk. Max grad magnitude: 0.00e+00
⚠️  WARNING: Near-zero gradients at step 3, first chunk. Max grad magnitude: 0.00e+00
⚠️  WARNING: Near-zero gradients at step 3, first chunk. Max grad magnitude: 0.00e+00
⚠️  WARNING: Near-zero gradients at step 3, first chunk. Max grad magnitude: 0.00e+00
⚠️  WARNING: Near-zero gradients at step 3, first chunk. Max grad magnitude: 0.00e+00
⚠️  WARNING: Near-zero gradients at step 3, first chunk. Max grad magnitude: 0.00e+00
shard 0:  90%|█████████ | 151/167 [21:30<02:13,  8.35s/it]⚠️  WARNING: Near-zero gradients at step 1, first chunk. Max grad magnitude: 0.00e+00
⚠️  WARNING: Near-zero gradients at step 1, first chunk. Max grad magnitude: 0.00e+00
⚠️  WARNING: Near-zero gradients at step 1, first chunk. Max grad magnitude: 0.00e+00
⚠️  WARNING: Near-zero gradients at step 1, first chunk. Max grad magnitude: 0.00e+00
⚠️  WARNING: Near-zero gradients at step 1, first chunk. Max grad magnitude: 0.00e+00
⚠️  WARNING: Near-zero gradients at step 1, first chunk. Max grad magnitude: 0.00e+00
⚠️  WARNING: Near-zero gradients at step 1, first chunk. Max grad magnitude: 0.00e+00
⚠️  WARNING: Near-zero gradients at step 1, first chunk. Max grad magnitude: 0.00e+00
⚠️  WARNING: Near-zero gradients at step 1, first chunk. Max grad magnitude: 0.00e+00
⚠️  WARNING: Near-zero gradients at step 1, first chunk. Max grad magnitude: 0.00e+00
⚠️  WARNING: Near-zero gradients at step 1, first chunk. Max grad magnitude: 0.00e+00
⚠️  WARNING: Near-zero gradients at step 1, first chunk. Max grad magnitude: 0.00e+00
shard 0:  91%|█████████ | 152/167 [21:38<02:03,  8.27s/it]⚠️  WARNING: Near-zero gradients at step 1, first chunk. Max grad magnitude: 0.00e+00
⚠️  WARNING: Near-zero gradients at step 1, first chunk. Max grad magnitude: 0.00e+00
⚠️  WARNING: Near-zero gradients at step 1, first chunk. Max grad magnitude: 0.00e+00
⚠️  WARNING: Near-zero gradients at step 1, first chunk. Max grad magnitude: 0.00e+00
⚠️  WARNING: Near-zero gradients at step 1, first chunk. Max grad magnitude: 0.00e+00
⚠️  WARNING: Near-zero gradients at step 1, first chunk. Max grad magnitude: 0.00e+00
⚠️  WARNING: Near-zero gradients at step 1, first chunk. Max grad magnitude: 0.00e+00
⚠️  WARNING: Near-zero gradients at step 1, first chunk. Max grad magnitude: 0.00e+00
⚠️  WARNING: Near-zero gradients at step 1, first chunk. Max grad magnitude: 0.00e+00
⚠️  WARNING: Near-zero gradients at step 1, first chunk. Max grad magnitude: 0.00e+00
⚠️  WARNING: Near-zero gradients at step 1, first chunk. Max grad magnitude: 0.00e+00
⚠️  WARNING: Near-zero gradients at step 1, first chunk. Max grad magnitude: 0.00e+00
⚠️  WARNING: Near-zero gradients at step 3, first chunk. Max grad magnitude: 0.00e+00
⚠️  WARNING: Near-zero gradients at step 3, first chunk. Max grad magnitude: 0.00e+00
⚠️  WARNING: Near-zero gradients at step 3, first chunk. Max grad magnitude: 0.00e+00
⚠️  WARNING: Near-zero gradients at step 3, first chunk. Max grad magnitude: 0.00e+00
⚠️  WARNING: Near-zero gradients at step 3, first chunk. Max grad magnitude: 0.00e+00
⚠️  WARNING: Near-zero gradients at step 3, first chunk. Max grad magnitude: 0.00e+00
⚠️  WARNING: Near-zero gradients at step 3, first chunk. Max grad magnitude: 0.00e+00
⚠️  WARNING: Near-zero gradients at step 3, first chunk. Max grad magnitude: 0.00e+00
⚠️  WARNING: Near-zero gradients at step 3, first chunk. Max grad magnitude: 0.00e+00
⚠️  WARNING: Near-zero gradients at step 3, first chunk. Max grad magnitude: 0.00e+00
⚠️  WARNING: Near-zero gradients at step 3, first chunk. Max grad magnitude: 0.00e+00
⚠️  WARNING: Near-zero gradients at step 3, first chunk. Max grad magnitude: 0.00e+00
⚠️  WARNING: Near-zero gradients at step 5, first chunk. Max grad magnitude: 0.00e+00
⚠️  WARNING: Near-zero gradients at step 5, first chunk. Max grad magnitude: 0.00e+00
⚠️  WARNING: Near-zero gradients at step 5, first chunk. Max grad magnitude: 0.00e+00
⚠️  WARNING: Near-zero gradients at step 5, first chunk. Max grad magnitude: 0.00e+00
⚠️  WARNING: Near-zero gradients at step 5, first chunk. Max grad magnitude: 0.00e+00
⚠️  WARNING: Near-zero gradients at step 5, first chunk. Max grad magnitude: 0.00e+00
⚠️  WARNING: Near-zero gradients at step 5, first chunk. Max grad magnitude: 0.00e+00
⚠️  WARNING: Near-zero gradients at step 5, first chunk. Max grad magnitude: 0.00e+00
⚠️  WARNING: Near-zero gradients at step 5, first chunk. Max grad magnitude: 0.00e+00
⚠️  WARNING: Near-zero gradients at step 5, first chunk. Max grad magnitude: 0.00e+00
⚠️  WARNING: Near-zero gradients at step 5, first chunk. Max grad magnitude: 0.00e+00
⚠️  WARNING: Near-zero gradients at step 5, first chunk. Max grad magnitude: 0.00e+00
shard 0:  92%|█████████▏| 153/167 [21:46<01:55,  8.24s/it]shard 0:  92%|█████████▏| 154/167 [21:56<01:56,  8.92s/it]⚠️  WARNING: Near-zero gradients at step 1, first chunk. Max grad magnitude: 0.00e+00
⚠️  WARNING: Near-zero gradients at step 1, first chunk. Max grad magnitude: 0.00e+00
⚠️  WARNING: Near-zero gradients at step 1, first chunk. Max grad magnitude: 0.00e+00
⚠️  WARNING: Near-zero gradients at step 1, first chunk. Max grad magnitude: 0.00e+00
⚠️  WARNING: Near-zero gradients at step 1, first chunk. Max grad magnitude: 0.00e+00
⚠️  WARNING: Near-zero gradients at step 1, first chunk. Max grad magnitude: 0.00e+00
⚠️  WARNING: Near-zero gradients at step 1, first chunk. Max grad magnitude: 0.00e+00
⚠️  WARNING: Near-zero gradients at step 1, first chunk. Max grad magnitude: 0.00e+00
⚠️  WARNING: Near-zero gradients at step 1, first chunk. Max grad magnitude: 0.00e+00
⚠️  WARNING: Near-zero gradients at step 1, first chunk. Max grad magnitude: 0.00e+00
⚠️  WARNING: Near-zero gradients at step 1, first chunk. Max grad magnitude: 0.00e+00
⚠️  WARNING: Near-zero gradients at step 1, first chunk. Max grad magnitude: 0.00e+00
shard 0:  93%|█████████▎| 155/167 [22:05<01:46,  8.89s/it]⚠️  WARNING: Near-zero gradients at step 1, first chunk. Max grad magnitude: 0.00e+00
⚠️  WARNING: Near-zero gradients at step 1, first chunk. Max grad magnitude: 0.00e+00
⚠️  WARNING: Near-zero gradients at step 1, first chunk. Max grad magnitude: 0.00e+00
⚠️  WARNING: Near-zero gradients at step 1, first chunk. Max grad magnitude: 0.00e+00
⚠️  WARNING: Near-zero gradients at step 1, first chunk. Max grad magnitude: 0.00e+00
⚠️  WARNING: Near-zero gradients at step 1, first chunk. Max grad magnitude: 0.00e+00
⚠️  WARNING: Near-zero gradients at step 1, first chunk. Max grad magnitude: 0.00e+00
⚠️  WARNING: Near-zero gradients at step 1, first chunk. Max grad magnitude: 0.00e+00
⚠️  WARNING: Near-zero gradients at step 1, first chunk. Max grad magnitude: 0.00e+00
⚠️  WARNING: Near-zero gradients at step 1, first chunk. Max grad magnitude: 0.00e+00
⚠️  WARNING: Near-zero gradients at step 1, first chunk. Max grad magnitude: 0.00e+00
⚠️  WARNING: Near-zero gradients at step 1, first chunk. Max grad magnitude: 0.00e+00
shard 0:  93%|█████████▎| 156/167 [22:13<01:34,  8.63s/it]shard 0:  94%|█████████▍| 157/167 [22:23<01:30,  9.02s/it]⚠️  WARNING: Near-zero gradients at step 1, first chunk. Max grad magnitude: 0.00e+00
⚠️  WARNING: Near-zero gradients at step 1, first chunk. Max grad magnitude: 0.00e+00
⚠️  WARNING: Near-zero gradients at step 1, first chunk. Max grad magnitude: 0.00e+00
⚠️  WARNING: Near-zero gradients at step 1, first chunk. Max grad magnitude: 0.00e+00
⚠️  WARNING: Near-zero gradients at step 1, first chunk. Max grad magnitude: 0.00e+00
⚠️  WARNING: Near-zero gradients at step 1, first chunk. Max grad magnitude: 0.00e+00
⚠️  WARNING: Near-zero gradients at step 1, first chunk. Max grad magnitude: 0.00e+00
⚠️  WARNING: Near-zero gradients at step 1, first chunk. Max grad magnitude: 0.00e+00
⚠️  WARNING: Near-zero gradients at step 1, first chunk. Max grad magnitude: 0.00e+00
⚠️  WARNING: Near-zero gradients at step 1, first chunk. Max grad magnitude: 0.00e+00
⚠️  WARNING: Near-zero gradients at step 1, first chunk. Max grad magnitude: 0.00e+00
⚠️  WARNING: Near-zero gradients at step 1, first chunk. Max grad magnitude: 0.00e+00
⚠️  WARNING: Near-zero gradients at step 3, first chunk. Max grad magnitude: 0.00e+00
⚠️  WARNING: Near-zero gradients at step 3, first chunk. Max grad magnitude: 0.00e+00
⚠️  WARNING: Near-zero gradients at step 3, first chunk. Max grad magnitude: 0.00e+00
⚠️  WARNING: Near-zero gradients at step 3, first chunk. Max grad magnitude: 0.00e+00
⚠️  WARNING: Near-zero gradients at step 3, first chunk. Max grad magnitude: 0.00e+00
⚠️  WARNING: Near-zero gradients at step 3, first chunk. Max grad magnitude: 0.00e+00
⚠️  WARNING: Near-zero gradients at step 3, first chunk. Max grad magnitude: 0.00e+00
⚠️  WARNING: Near-zero gradients at step 3, first chunk. Max grad magnitude: 0.00e+00
⚠️  WARNING: Near-zero gradients at step 3, first chunk. Max grad magnitude: 0.00e+00
⚠️  WARNING: Near-zero gradients at step 3, first chunk. Max grad magnitude: 0.00e+00
⚠️  WARNING: Near-zero gradients at step 3, first chunk. Max grad magnitude: 0.00e+00
⚠️  WARNING: Near-zero gradients at step 3, first chunk. Max grad magnitude: 0.00e+00
shard 0:  95%|█████████▍| 158/167 [22:32<01:21,  9.04s/it]⚠️  WARNING: Near-zero gradients at step 1, first chunk. Max grad magnitude: 0.00e+00
⚠️  WARNING: Near-zero gradients at step 1, first chunk. Max grad magnitude: 0.00e+00
⚠️  WARNING: Near-zero gradients at step 1, first chunk. Max grad magnitude: 0.00e+00
⚠️  WARNING: Near-zero gradients at step 1, first chunk. Max grad magnitude: 0.00e+00
⚠️  WARNING: Near-zero gradients at step 1, first chunk. Max grad magnitude: 0.00e+00
⚠️  WARNING: Near-zero gradients at step 1, first chunk. Max grad magnitude: 0.00e+00
⚠️  WARNING: Near-zero gradients at step 1, first chunk. Max grad magnitude: 0.00e+00
⚠️  WARNING: Near-zero gradients at step 1, first chunk. Max grad magnitude: 0.00e+00
⚠️  WARNING: Near-zero gradients at step 1, first chunk. Max grad magnitude: 0.00e+00
⚠️  WARNING: Near-zero gradients at step 1, first chunk. Max grad magnitude: 0.00e+00
⚠️  WARNING: Near-zero gradients at step 1, first chunk. Max grad magnitude: 0.00e+00
⚠️  WARNING: Near-zero gradients at step 1, first chunk. Max grad magnitude: 0.00e+00
shard 0:  95%|█████████▌| 159/167 [22:40<01:10,  8.77s/it]⚠️  WARNING: Near-zero gradients at step 1, first chunk. Max grad magnitude: 0.00e+00
⚠️  WARNING: Near-zero gradients at step 1, first chunk. Max grad magnitude: 0.00e+00
⚠️  WARNING: Near-zero gradients at step 1, first chunk. Max grad magnitude: 0.00e+00
⚠️  WARNING: Near-zero gradients at step 1, first chunk. Max grad magnitude: 0.00e+00
⚠️  WARNING: Near-zero gradients at step 1, first chunk. Max grad magnitude: 0.00e+00
⚠️  WARNING: Near-zero gradients at step 1, first chunk. Max grad magnitude: 0.00e+00
⚠️  WARNING: Near-zero gradients at step 1, first chunk. Max grad magnitude: 0.00e+00
⚠️  WARNING: Near-zero gradients at step 1, first chunk. Max grad magnitude: 0.00e+00
⚠️  WARNING: Near-zero gradients at step 1, first chunk. Max grad magnitude: 0.00e+00
⚠️  WARNING: Near-zero gradients at step 1, first chunk. Max grad magnitude: 0.00e+00
⚠️  WARNING: Near-zero gradients at step 1, first chunk. Max grad magnitude: 0.00e+00
⚠️  WARNING: Near-zero gradients at step 1, first chunk. Max grad magnitude: 0.00e+00
shard 0:  96%|█████████▌| 160/167 [22:49<01:00,  8.62s/it]⚠️  WARNING: Near-zero gradients at step 1, first chunk. Max grad magnitude: 0.00e+00
⚠️  WARNING: Near-zero gradients at step 1, first chunk. Max grad magnitude: 0.00e+00
⚠️  WARNING: Near-zero gradients at step 1, first chunk. Max grad magnitude: 0.00e+00
⚠️  WARNING: Near-zero gradients at step 1, first chunk. Max grad magnitude: 0.00e+00
⚠️  WARNING: Near-zero gradients at step 1, first chunk. Max grad magnitude: 0.00e+00
⚠️  WARNING: Near-zero gradients at step 1, first chunk. Max grad magnitude: 0.00e+00
⚠️  WARNING: Near-zero gradients at step 1, first chunk. Max grad magnitude: 0.00e+00
⚠️  WARNING: Near-zero gradients at step 1, first chunk. Max grad magnitude: 0.00e+00
⚠️  WARNING: Near-zero gradients at step 1, first chunk. Max grad magnitude: 0.00e+00
⚠️  WARNING: Near-zero gradients at step 1, first chunk. Max grad magnitude: 0.00e+00
⚠️  WARNING: Near-zero gradients at step 1, first chunk. Max grad magnitude: 0.00e+00
⚠️  WARNING: Near-zero gradients at step 1, first chunk. Max grad magnitude: 0.00e+00
⚠️  WARNING: Near-zero gradients at step 3, first chunk. Max grad magnitude: 0.00e+00
⚠️  WARNING: Near-zero gradients at step 3, first chunk. Max grad magnitude: 0.00e+00
⚠️  WARNING: Near-zero gradients at step 3, first chunk. Max grad magnitude: 0.00e+00
⚠️  WARNING: Near-zero gradients at step 3, first chunk. Max grad magnitude: 0.00e+00
⚠️  WARNING: Near-zero gradients at step 3, first chunk. Max grad magnitude: 0.00e+00
⚠️  WARNING: Near-zero gradients at step 3, first chunk. Max grad magnitude: 0.00e+00
⚠️  WARNING: Near-zero gradients at step 3, first chunk. Max grad magnitude: 0.00e+00
⚠️  WARNING: Near-zero gradients at step 3, first chunk. Max grad magnitude: 0.00e+00
⚠️  WARNING: Near-zero gradients at step 3, first chunk. Max grad magnitude: 0.00e+00
⚠️  WARNING: Near-zero gradients at step 3, first chunk. Max grad magnitude: 0.00e+00
⚠️  WARNING: Near-zero gradients at step 3, first chunk. Max grad magnitude: 0.00e+00
⚠️  WARNING: Near-zero gradients at step 3, first chunk. Max grad magnitude: 0.00e+00
shard 0:  96%|█████████▋| 161/167 [22:59<00:55,  9.17s/it]shard 0:  97%|█████████▋| 162/167 [23:09<00:46,  9.36s/it]shard 0:  98%|█████████▊| 163/167 [23:17<00:35,  8.95s/it]⚠️  WARNING: Near-zero gradients at step 1, first chunk. Max grad magnitude: 0.00e+00
⚠️  WARNING: Near-zero gradients at step 1, first chunk. Max grad magnitude: 0.00e+00
⚠️  WARNING: Near-zero gradients at step 1, first chunk. Max grad magnitude: 0.00e+00
⚠️  WARNING: Near-zero gradients at step 1, first chunk. Max grad magnitude: 0.00e+00
⚠️  WARNING: Near-zero gradients at step 1, first chunk. Max grad magnitude: 0.00e+00
⚠️  WARNING: Near-zero gradients at step 1, first chunk. Max grad magnitude: 0.00e+00
⚠️  WARNING: Near-zero gradients at step 1, first chunk. Max grad magnitude: 0.00e+00
⚠️  WARNING: Near-zero gradients at step 1, first chunk. Max grad magnitude: 0.00e+00
⚠️  WARNING: Near-zero gradients at step 1, first chunk. Max grad magnitude: 0.00e+00
⚠️  WARNING: Near-zero gradients at step 1, first chunk. Max grad magnitude: 0.00e+00
⚠️  WARNING: Near-zero gradients at step 1, first chunk. Max grad magnitude: 0.00e+00
⚠️  WARNING: Near-zero gradients at step 1, first chunk. Max grad magnitude: 0.00e+00
⚠️  WARNING: Near-zero gradients at step 3, first chunk. Max grad magnitude: 0.00e+00
⚠️  WARNING: Near-zero gradients at step 3, first chunk. Max grad magnitude: 0.00e+00
⚠️  WARNING: Near-zero gradients at step 3, first chunk. Max grad magnitude: 0.00e+00
⚠️  WARNING: Near-zero gradients at step 3, first chunk. Max grad magnitude: 0.00e+00
⚠️  WARNING: Near-zero gradients at step 3, first chunk. Max grad magnitude: 0.00e+00
⚠️  WARNING: Near-zero gradients at step 3, first chunk. Max grad magnitude: 0.00e+00
⚠️  WARNING: Near-zero gradients at step 3, first chunk. Max grad magnitude: 0.00e+00
⚠️  WARNING: Near-zero gradients at step 3, first chunk. Max grad magnitude: 0.00e+00
⚠️  WARNING: Near-zero gradients at step 3, first chunk. Max grad magnitude: 0.00e+00
⚠️  WARNING: Near-zero gradients at step 3, first chunk. Max grad magnitude: 0.00e+00
⚠️  WARNING: Near-zero gradients at step 3, first chunk. Max grad magnitude: 0.00e+00
⚠️  WARNING: Near-zero gradients at step 3, first chunk. Max grad magnitude: 0.00e+00
⚠️  WARNING: Near-zero gradients at step 5, first chunk. Max grad magnitude: 0.00e+00
⚠️  WARNING: Near-zero gradients at step 5, first chunk. Max grad magnitude: 0.00e+00
⚠️  WARNING: Near-zero gradients at step 5, first chunk. Max grad magnitude: 0.00e+00
⚠️  WARNING: Near-zero gradients at step 5, first chunk. Max grad magnitude: 0.00e+00
⚠️  WARNING: Near-zero gradients at step 5, first chunk. Max grad magnitude: 0.00e+00
⚠️  WARNING: Near-zero gradients at step 5, first chunk. Max grad magnitude: 0.00e+00
⚠️  WARNING: Near-zero gradients at step 5, first chunk. Max grad magnitude: 0.00e+00
⚠️  WARNING: Near-zero gradients at step 5, first chunk. Max grad magnitude: 0.00e+00
⚠️  WARNING: Near-zero gradients at step 5, first chunk. Max grad magnitude: 0.00e+00
⚠️  WARNING: Near-zero gradients at step 5, first chunk. Max grad magnitude: 0.00e+00
⚠️  WARNING: Near-zero gradients at step 5, first chunk. Max grad magnitude: 0.00e+00
⚠️  WARNING: Near-zero gradients at step 5, first chunk. Max grad magnitude: 0.00e+00
shard 0:  98%|█████████▊| 164/167 [23:26<00:26,  8.86s/it]⚠️  WARNING: Near-zero gradients at step 1, first chunk. Max grad magnitude: 0.00e+00
⚠️  WARNING: Near-zero gradients at step 1, first chunk. Max grad magnitude: 0.00e+00
⚠️  WARNING: Near-zero gradients at step 1, first chunk. Max grad magnitude: 0.00e+00
⚠️  WARNING: Near-zero gradients at step 1, first chunk. Max grad magnitude: 0.00e+00
⚠️  WARNING: Near-zero gradients at step 1, first chunk. Max grad magnitude: 0.00e+00
⚠️  WARNING: Near-zero gradients at step 1, first chunk. Max grad magnitude: 0.00e+00
⚠️  WARNING: Near-zero gradients at step 1, first chunk. Max grad magnitude: 0.00e+00
⚠️  WARNING: Near-zero gradients at step 1, first chunk. Max grad magnitude: 0.00e+00
⚠️  WARNING: Near-zero gradients at step 1, first chunk. Max grad magnitude: 0.00e+00
⚠️  WARNING: Near-zero gradients at step 1, first chunk. Max grad magnitude: 0.00e+00
⚠️  WARNING: Near-zero gradients at step 1, first chunk. Max grad magnitude: 0.00e+00
⚠️  WARNING: Near-zero gradients at step 1, first chunk. Max grad magnitude: 0.00e+00
⚠️  WARNING: Near-zero gradients at step 3, first chunk. Max grad magnitude: 0.00e+00
⚠️  WARNING: Near-zero gradients at step 3, first chunk. Max grad magnitude: 0.00e+00
⚠️  WARNING: Near-zero gradients at step 3, first chunk. Max grad magnitude: 0.00e+00
⚠️  WARNING: Near-zero gradients at step 3, first chunk. Max grad magnitude: 0.00e+00
⚠️  WARNING: Near-zero gradients at step 3, first chunk. Max grad magnitude: 0.00e+00
⚠️  WARNING: Near-zero gradients at step 3, first chunk. Max grad magnitude: 0.00e+00
⚠️  WARNING: Near-zero gradients at step 3, first chunk. Max grad magnitude: 0.00e+00
⚠️  WARNING: Near-zero gradients at step 3, first chunk. Max grad magnitude: 0.00e+00
⚠️  WARNING: Near-zero gradients at step 3, first chunk. Max grad magnitude: 0.00e+00
⚠️  WARNING: Near-zero gradients at step 3, first chunk. Max grad magnitude: 0.00e+00
⚠️  WARNING: Near-zero gradients at step 3, first chunk. Max grad magnitude: 0.00e+00
⚠️  WARNING: Near-zero gradients at step 3, first chunk. Max grad magnitude: 0.00e+00
⚠️  WARNING: Near-zero gradients at step 5, first chunk. Max grad magnitude: 0.00e+00
⚠️  WARNING: Near-zero gradients at step 5, first chunk. Max grad magnitude: 0.00e+00
⚠️  WARNING: Near-zero gradients at step 5, first chunk. Max grad magnitude: 0.00e+00
⚠️  WARNING: Near-zero gradients at step 5, first chunk. Max grad magnitude: 0.00e+00
⚠️  WARNING: Near-zero gradients at step 5, first chunk. Max grad magnitude: 0.00e+00
⚠️  WARNING: Near-zero gradients at step 5, first chunk. Max grad magnitude: 0.00e+00
⚠️  WARNING: Near-zero gradients at step 5, first chunk. Max grad magnitude: 0.00e+00
⚠️  WARNING: Near-zero gradients at step 5, first chunk. Max grad magnitude: 0.00e+00
⚠️  WARNING: Near-zero gradients at step 5, first chunk. Max grad magnitude: 0.00e+00
⚠️  WARNING: Near-zero gradients at step 5, first chunk. Max grad magnitude: 0.00e+00
⚠️  WARNING: Near-zero gradients at step 5, first chunk. Max grad magnitude: 0.00e+00
⚠️  WARNING: Near-zero gradients at step 5, first chunk. Max grad magnitude: 0.00e+00
shard 0:  99%|█████████▉| 165/167 [23:33<00:17,  8.56s/it]⚠️  WARNING: Near-zero gradients at step 1, first chunk. Max grad magnitude: 0.00e+00
⚠️  WARNING: Near-zero gradients at step 1, first chunk. Max grad magnitude: 0.00e+00
⚠️  WARNING: Near-zero gradients at step 1, first chunk. Max grad magnitude: 0.00e+00
⚠️  WARNING: Near-zero gradients at step 1, first chunk. Max grad magnitude: 0.00e+00
⚠️  WARNING: Near-zero gradients at step 1, first chunk. Max grad magnitude: 0.00e+00
⚠️  WARNING: Near-zero gradients at step 1, first chunk. Max grad magnitude: 0.00e+00
⚠️  WARNING: Near-zero gradients at step 1, first chunk. Max grad magnitude: 0.00e+00
⚠️  WARNING: Near-zero gradients at step 1, first chunk. Max grad magnitude: 0.00e+00
⚠️  WARNING: Near-zero gradients at step 1, first chunk. Max grad magnitude: 0.00e+00
⚠️  WARNING: Near-zero gradients at step 1, first chunk. Max grad magnitude: 0.00e+00
⚠️  WARNING: Near-zero gradients at step 1, first chunk. Max grad magnitude: 0.00e+00
⚠️  WARNING: Near-zero gradients at step 1, first chunk. Max grad magnitude: 0.00e+00
⚠️  WARNING: Near-zero gradients at step 3, first chunk. Max grad magnitude: 0.00e+00
⚠️  WARNING: Near-zero gradients at step 3, first chunk. Max grad magnitude: 0.00e+00
⚠️  WARNING: Near-zero gradients at step 3, first chunk. Max grad magnitude: 0.00e+00
⚠️  WARNING: Near-zero gradients at step 3, first chunk. Max grad magnitude: 0.00e+00
⚠️  WARNING: Near-zero gradients at step 3, first chunk. Max grad magnitude: 0.00e+00
⚠️  WARNING: Near-zero gradients at step 3, first chunk. Max grad magnitude: 0.00e+00
⚠️  WARNING: Near-zero gradients at step 3, first chunk. Max grad magnitude: 0.00e+00
⚠️  WARNING: Near-zero gradients at step 3, first chunk. Max grad magnitude: 0.00e+00
⚠️  WARNING: Near-zero gradients at step 3, first chunk. Max grad magnitude: 0.00e+00
⚠️  WARNING: Near-zero gradients at step 3, first chunk. Max grad magnitude: 0.00e+00
⚠️  WARNING: Near-zero gradients at step 3, first chunk. Max grad magnitude: 0.00e+00
⚠️  WARNING: Near-zero gradients at step 3, first chunk. Max grad magnitude: 0.00e+00
shard 0:  99%|█████████▉| 166/167 [23:41<00:08,  8.38s/it]⚠️  WARNING: Near-zero gradients at step 1, first chunk. Max grad magnitude: 0.00e+00
⚠️  WARNING: Near-zero gradients at step 1, first chunk. Max grad magnitude: 0.00e+00
⚠️  WARNING: Near-zero gradients at step 1, first chunk. Max grad magnitude: 0.00e+00
⚠️  WARNING: Near-zero gradients at step 1, first chunk. Max grad magnitude: 0.00e+00
⚠️  WARNING: Near-zero gradients at step 1, first chunk. Max grad magnitude: 0.00e+00
⚠️  WARNING: Near-zero gradients at step 1, first chunk. Max grad magnitude: 0.00e+00
⚠️  WARNING: Near-zero gradients at step 1, first chunk. Max grad magnitude: 0.00e+00
⚠️  WARNING: Near-zero gradients at step 1, first chunk. Max grad magnitude: 0.00e+00
⚠️  WARNING: Near-zero gradients at step 1, first chunk. Max grad magnitude: 0.00e+00
⚠️  WARNING: Near-zero gradients at step 1, first chunk. Max grad magnitude: 0.00e+00
⚠️  WARNING: Near-zero gradients at step 1, first chunk. Max grad magnitude: 0.00e+00
⚠️  WARNING: Near-zero gradients at step 1, first chunk. Max grad magnitude: 0.00e+00
⚠️  WARNING: Near-zero gradients at step 3, first chunk. Max grad magnitude: 0.00e+00
⚠️  WARNING: Near-zero gradients at step 3, first chunk. Max grad magnitude: 0.00e+00
⚠️  WARNING: Near-zero gradients at step 3, first chunk. Max grad magnitude: 0.00e+00
⚠️  WARNING: Near-zero gradients at step 3, first chunk. Max grad magnitude: 0.00e+00
⚠️  WARNING: Near-zero gradients at step 3, first chunk. Max grad magnitude: 0.00e+00
⚠️  WARNING: Near-zero gradients at step 3, first chunk. Max grad magnitude: 0.00e+00
⚠️  WARNING: Near-zero gradients at step 3, first chunk. Max grad magnitude: 0.00e+00
⚠️  WARNING: Near-zero gradients at step 3, first chunk. Max grad magnitude: 0.00e+00
⚠️  WARNING: Near-zero gradients at step 3, first chunk. Max grad magnitude: 0.00e+00
⚠️  WARNING: Near-zero gradients at step 3, first chunk. Max grad magnitude: 0.00e+00
⚠️  WARNING: Near-zero gradients at step 3, first chunk. Max grad magnitude: 0.00e+00
⚠️  WARNING: Near-zero gradients at step 3, first chunk. Max grad magnitude: 0.00e+00
shard 0: 100%|██████████| 167/167 [23:49<00:00,  8.28s/it]shard 0: 100%|██████████| 167/167 [23:49<00:00,  8.56s/it]
